msgId,timestamp,error,modeCode,channel,connType,sa,ssa,da,dsa,wc,modeCodeVal,txRsp,txSts,rxRsp,rxSts,dw0,dw1,dw2,dw3,dw4,dw5,dw6,dw7,dw8,dw9,dw10,dw11,dw12,dw13,dw14,dw15,dw16,dw17,dw18,dw19,dw20,dw21,dw22,dw23,dw24,dw25,dw26,dw27,dw28,dw29,dw30,dw31,malicious,injected,gap,msgTime
1,1055.970486600,false,true,A,BC->RT,N/A,N/A,01,00,N/A,17,N/A,N/A,8.5,0x0800,0x0001,N/A,N/A,N/A,N/A,N/A,N/A,N/A,N/A,N/A,N/A,N/A,N/A,N/A,N/A,N/A,N/A,N/A,N/A,N/A,N/A,N/A,N/A,N/A,N/A,N/A,N/A,N/A,N/A,N/A,N/A,N/A,false,false,N/A,65
2,1055.970565600,false,true,A,BC->RT,N/A,N/A,02,00,N/A,17,N/A,N/A,8.5,0x1000,0x0001,N/A,N/A,N/A,N/A,N/A,N/A,N/A,N/A,N/A,N/A,N/A,N/A,N/A,N/A,N/A,N/A,N/A,N/A,N/A,N/A,N/A,N/A,N/A,N/A,N/A,N/A,N/A,N/A,N/A,N/A,N/A,false,false,14,65
3,1055.970644600,false,true,A,BC->RT,N/A,N/A,03,00,N/A,17,N/A,N/A,8.5,0x1800,0x0001,N/A,N/A,N/A,N/A,N/A,N/A,N/A,N/A,N/A,N/A,N/A,N/A,N/A,N/A,N/A,N/A,N/A,N/A,N/A,N/A,N/A,N/A,N/A,N/A,N/A,N/A,N/A,N/A,N/A,N/A,N/A,false,false,14,65
4,1055.970723600,false,true,A,BC->RT,N/A,N/A,04,00,N/A,17,N/A,N/A,8.5,0x2000,0x0001,N/A,N/A,N/A,N/A,N/A,N/A,N/A,N/A,N/A,N/A,N/A,N/A,N/A,N/A,N/A,N/A,N/A,N/A,N/A,N/A,N/A,N/A,N/A,N/A,N/A,N/A,N/A,N/A,N/A,N/A,N/A,false,false,14,65
5,1055.970887600,false,false,A,BC->RT,N/A,N/A,01,20,01,N/A,N/A,N/A,8.5,0x0800,0x0000,N/A,N/A,N/A,N/A,N/A,N/A,N/A,N/A,N/A,N/A,N/A,N/A,N/A,N/A,N/A,N/A,N/A,N/A,N/A,N/A,N/A,N/A,N/A,N/A,N/A,N/A,N/A,N/A,N/A,N/A,N/A,false,false,99,65
6,1055.970966600,false,false,A,BC->RT,N/A,N/A,03,20,01,N/A,N/A,N/A,8.5,0x1800,0x0000,N/A,N/A,N/A,N/A,N/A,N/A,N/A,N/A,N/A,N/A,N/A,N/A,N/A,N/A,N/A,N/A,N/A,N/A,N/A,N/A,N/A,N/A,N/A,N/A,N/A,N/A,N/A,N/A,N/A,N/A,N/A,false,false,14,65
7,1055.971045600,false,false,A,RT->BC,04,05,N/A,N/A,01,N/A,8.5,0x2000,N/A,N/A,0x0000,N/A,N/A,N/A,N/A,N/A,N/A,N/A,N/A,N/A,N/A,N/A,N/A,N/A,N/A,N/A,N/A,N/A,N/A,N/A,N/A,N/A,N/A,N/A,N/A,N/A,N/A,N/A,N/A,N/A,N/A,N/A,false,false,14,65
8,1055.971124600,false,false,A,RT->BC,01,30,N/A,N/A,32,N/A,8.5,0x0800,N/A,N/A,0x0001,0x0000,0x0000,0x0000,0x0000,0x0000,0x0000,0x0000,0x0000,0x0000,0x0000,0x0000,0x0000,0x0000,0x0000,0x0000,0x0000,0x0000,0x0000,0x0000,0x0000,0x0000,0x0000,0x0000,0x0000,0x0000,0x0000,0x0000,0x0000,0x0000,0x0000,0x0000,false,false,14,685
9,1055.971823600,false,false,A,BC->RT,N/A,N/A,03,02,02,N/A,N/A,N/A,8.5,0x1800,0x0000,0x0000,N/A,N/A,N/A,N/A,N/A,N/A,N/A,N/A,N/A,N/A,N/A,N/A,N/A,N/A,N/A,N/A,N/A,N/A,N/A,N/A,N/A,N/A,N/A,N/A,N/A,N/A,N/A,N/A,N/A,N/A,false,false,14,85
10,1055.971922600,true,false,A,RT->RT,01,01,03,01,09,N/A,0.0,0x0000,8.5,0x0800,0x1F40,0x0000,0x0250,0x0154,0x6666,0x4242,0x0000,0x42F6,0x0000,N/A,N/A,N/A,N/A,N/A,N/A,N/A,N/A,N/A,N/A,N/A,N/A,N/A,N/A,N/A,N/A,N/A,N/A,N/A,N/A,N/A,N/A,N/A,false,false,14,245
11,1055.972202100,false,false,A,RT->RT,01,01,02,02,09,N/A,8.5,0x1000,8.5,0x0800,0x1FA4,0x0000,0x0240,0x0006,0x70A4,0x4242,0x051F,0x42F6,0x0000,N/A,N/A,N/A,N/A,N/A,N/A,N/A,N/A,N/A,N/A,N/A,N/A,N/A,N/A,N/A,N/A,N/A,N/A,N/A,N/A,N/A,N/A,N/A,false,false,34,272
12,1056.220485600,false,true,A,BC->RT,N/A,N/A,01,00,N/A,17,N/A,N/A,8.5,0x0800,0x0002,N/A,N/A,N/A,N/A,N/A,N/A,N/A,N/A,N/A,N/A,N/A,N/A,N/A,N/A,N/A,N/A,N/A,N/A,N/A,N/A,N/A,N/A,N/A,N/A,N/A,N/A,N/A,N/A,N/A,N/A,N/A,false,false,248011,65
13,1056.220564600,false,true,A,BC->RT,N/A,N/A,02,00,N/A,17,N/A,N/A,8.5,0x1000,0x0002,N/A,N/A,N/A,N/A,N/A,N/A,N/A,N/A,N/A,N/A,N/A,N/A,N/A,N/A,N/A,N/A,N/A,N/A,N/A,N/A,N/A,N/A,N/A,N/A,N/A,N/A,N/A,N/A,N/A,N/A,N/A,false,false,14,65
14,1056.220643600,false,true,A,BC->RT,N/A,N/A,03,00,N/A,17,N/A,N/A,8.5,0x1800,0x0002,N/A,N/A,N/A,N/A,N/A,N/A,N/A,N/A,N/A,N/A,N/A,N/A,N/A,N/A,N/A,N/A,N/A,N/A,N/A,N/A,N/A,N/A,N/A,N/A,N/A,N/A,N/A,N/A,N/A,N/A,N/A,false,false,14,65
15,1056.220722600,false,true,A,BC->RT,N/A,N/A,04,00,N/A,17,N/A,N/A,8.5,0x2000,0x0002,N/A,N/A,N/A,N/A,N/A,N/A,N/A,N/A,N/A,N/A,N/A,N/A,N/A,N/A,N/A,N/A,N/A,N/A,N/A,N/A,N/A,N/A,N/A,N/A,N/A,N/A,N/A,N/A,N/A,N/A,N/A,false,false,14,65
16,1056.220886600,false,false,A,BC->RT,N/A,N/A,02,20,01,N/A,N/A,N/A,8.5,0x1000,0x0000,N/A,N/A,N/A,N/A,N/A,N/A,N/A,N/A,N/A,N/A,N/A,N/A,N/A,N/A,N/A,N/A,N/A,N/A,N/A,N/A,N/A,N/A,N/A,N/A,N/A,N/A,N/A,N/A,N/A,N/A,N/A,false,false,99,65
17,1056.220965600,false,false,A,BC->RT,N/A,N/A,04,20,01,N/A,N/A,N/A,8.5,0x2000,0x0000,N/A,N/A,N/A,N/A,N/A,N/A,N/A,N/A,N/A,N/A,N/A,N/A,N/A,N/A,N/A,N/A,N/A,N/A,N/A,N/A,N/A,N/A,N/A,N/A,N/A,N/A,N/A,N/A,N/A,N/A,N/A,false,false,14,65
18,1056.221044600,false,false,A,RT->BC,04,05,N/A,N/A,01,N/A,8.5,0x2000,N/A,N/A,0x0000,N/A,N/A,N/A,N/A,N/A,N/A,N/A,N/A,N/A,N/A,N/A,N/A,N/A,N/A,N/A,N/A,N/A,N/A,N/A,N/A,N/A,N/A,N/A,N/A,N/A,N/A,N/A,N/A,N/A,N/A,N/A,false,false,14,65
19,1056.221123600,false,false,A,RT->BC,02,30,N/A,N/A,20,N/A,8.5,0x1000,N/A,N/A,0x0001,0x0000,0x0000,0x0000,0x0000,0x0000,0x0000,0x0000,0x0000,0x0000,0x0000,0x0000,0x0000,0x0000,0x0000,0x0000,0x0000,0x0000,0x0000,0x0000,N/A,N/A,N/A,N/A,N/A,N/A,N/A,N/A,N/A,N/A,N/A,N/A,false,false,14,445
20,1056.221582600,false,false,A,RT->RT,01,01,03,01,09,N/A,8.5,0x1800,8.5,0x0800,0x2008,0x0000,0x0240,0x001E,0x7AE1,0x4242,0x0A3D,0x42F6,0x0000,N/A,N/A,N/A,N/A,N/A,N/A,N/A,N/A,N/A,N/A,N/A,N/A,N/A,N/A,N/A,N/A,N/A,N/A,N/A,N/A,N/A,N/A,N/A,false,false,14,272
21,1056.221868600,false,false,A,RT->RT,01,01,02,02,09,N/A,8.5,0x1000,8.5,0x0800,0x206C,0x0000,0x0240,0x0028,0x851F,0x4242,0x0F5C,0x42F6,0x0000,N/A,N/A,N/A,N/A,N/A,N/A,N/A,N/A,N/A,N/A,N/A,N/A,N/A,N/A,N/A,N/A,N/A,N/A,N/A,N/A,N/A,N/A,N/A,false,false,14,272
22,1056.470485600,false,true,A,BC->RT,N/A,N/A,01,00,N/A,17,N/A,N/A,8.5,0x0800,0x0003,N/A,N/A,N/A,N/A,N/A,N/A,N/A,N/A,N/A,N/A,N/A,N/A,N/A,N/A,N/A,N/A,N/A,N/A,N/A,N/A,N/A,N/A,N/A,N/A,N/A,N/A,N/A,N/A,N/A,N/A,N/A,false,false,248345,65
23,1056.470564600,false,true,A,BC->RT,N/A,N/A,02,00,N/A,17,N/A,N/A,8.5,0x1000,0x0003,N/A,N/A,N/A,N/A,N/A,N/A,N/A,N/A,N/A,N/A,N/A,N/A,N/A,N/A,N/A,N/A,N/A,N/A,N/A,N/A,N/A,N/A,N/A,N/A,N/A,N/A,N/A,N/A,N/A,N/A,N/A,false,false,14,65
24,1056.470643600,false,true,A,BC->RT,N/A,N/A,03,00,N/A,17,N/A,N/A,8.5,0x1800,0x0003,N/A,N/A,N/A,N/A,N/A,N/A,N/A,N/A,N/A,N/A,N/A,N/A,N/A,N/A,N/A,N/A,N/A,N/A,N/A,N/A,N/A,N/A,N/A,N/A,N/A,N/A,N/A,N/A,N/A,N/A,N/A,false,false,14,65
25,1056.470722600,false,true,A,BC->RT,N/A,N/A,04,00,N/A,17,N/A,N/A,8.5,0x2000,0x0003,N/A,N/A,N/A,N/A,N/A,N/A,N/A,N/A,N/A,N/A,N/A,N/A,N/A,N/A,N/A,N/A,N/A,N/A,N/A,N/A,N/A,N/A,N/A,N/A,N/A,N/A,N/A,N/A,N/A,N/A,N/A,false,false,14,65
26,1056.470886600,false,false,B,RT->BC,01,20,N/A,N/A,01,N/A,8.5,0x0800,N/A,N/A,0x2002,N/A,N/A,N/A,N/A,N/A,N/A,N/A,N/A,N/A,N/A,N/A,N/A,N/A,N/A,N/A,N/A,N/A,N/A,N/A,N/A,N/A,N/A,N/A,N/A,N/A,N/A,N/A,N/A,N/A,N/A,N/A,false,false,99,65
27,1056.470965600,false,false,B,RT->BC,03,20,N/A,N/A,01,N/A,8.5,0x1800,N/A,N/A,0x1001,N/A,N/A,N/A,N/A,N/A,N/A,N/A,N/A,N/A,N/A,N/A,N/A,N/A,N/A,N/A,N/A,N/A,N/A,N/A,N/A,N/A,N/A,N/A,N/A,N/A,N/A,N/A,N/A,N/A,N/A,N/A,false,false,14,65
28,1056.471044600,false,false,A,RT->BC,04,05,N/A,N/A,01,N/A,8.5,0x2000,N/A,N/A,0x0000,N/A,N/A,N/A,N/A,N/A,N/A,N/A,N/A,N/A,N/A,N/A,N/A,N/A,N/A,N/A,N/A,N/A,N/A,N/A,N/A,N/A,N/A,N/A,N/A,N/A,N/A,N/A,N/A,N/A,N/A,N/A,false,false,14,65
29,1056.471123600,false,false,A,RT->BC,03,30,N/A,N/A,32,N/A,8.5,0x1800,N/A,N/A,0x0001,0x0000,0x0000,0x0000,0x0000,0x0000,0x0000,0x0000,0x0000,0x0000,0x0000,0x0000,0x0000,0x0000,0x0000,0x0000,0x0000,0x0000,0x0000,0x0000,0x0000,0x0000,0x0000,0x0000,0x0000,0x0000,0x0000,0x0000,0x0000,0x0000,0x0000,0x0000,false,false,14,685
30,1056.471822600,false,false,A,RT->RT,01,01,03,01,09,N/A,8.5,0x1800,8.5,0x0800,0x20D0,0x0000,0x0240,0x0034,0x8F5C,0x4242,0x147B,0x42F6,0x0000,N/A,N/A,N/A,N/A,N/A,N/A,N/A,N/A,N/A,N/A,N/A,N/A,N/A,N/A,N/A,N/A,N/A,N/A,N/A,N/A,N/A,N/A,N/A,false,false,14,272
31,1056.472108600,false,false,A,RT->RT,01,01,02,02,09,N/A,8.5,0x1000,8.5,0x0800,0x2134,0x0000,0x0238,0x0040,0x999A,0x4242,0x199A,0x42F6,0x0000,N/A,N/A,N/A,N/A,N/A,N/A,N/A,N/A,N/A,N/A,N/A,N/A,N/A,N/A,N/A,N/A,N/A,N/A,N/A,N/A,N/A,N/A,N/A,false,false,14,272
32,1056.720485600,false,true,A,BC->RT,N/A,N/A,01,00,N/A,17,N/A,N/A,8.5,0x0800,0x0004,N/A,N/A,N/A,N/A,N/A,N/A,N/A,N/A,N/A,N/A,N/A,N/A,N/A,N/A,N/A,N/A,N/A,N/A,N/A,N/A,N/A,N/A,N/A,N/A,N/A,N/A,N/A,N/A,N/A,N/A,N/A,false,false,248105,65
33,1056.720564600,false,true,A,BC->RT,N/A,N/A,02,00,N/A,17,N/A,N/A,8.5,0x1000,0x0004,N/A,N/A,N/A,N/A,N/A,N/A,N/A,N/A,N/A,N/A,N/A,N/A,N/A,N/A,N/A,N/A,N/A,N/A,N/A,N/A,N/A,N/A,N/A,N/A,N/A,N/A,N/A,N/A,N/A,N/A,N/A,false,false,14,65
34,1056.720643600,false,true,A,BC->RT,N/A,N/A,03,00,N/A,17,N/A,N/A,8.5,0x1800,0x0004,N/A,N/A,N/A,N/A,N/A,N/A,N/A,N/A,N/A,N/A,N/A,N/A,N/A,N/A,N/A,N/A,N/A,N/A,N/A,N/A,N/A,N/A,N/A,N/A,N/A,N/A,N/A,N/A,N/A,N/A,N/A,false,false,14,65
35,1056.720722600,false,true,A,BC->RT,N/A,N/A,04,00,N/A,17,N/A,N/A,8.5,0x2000,0x0004,N/A,N/A,N/A,N/A,N/A,N/A,N/A,N/A,N/A,N/A,N/A,N/A,N/A,N/A,N/A,N/A,N/A,N/A,N/A,N/A,N/A,N/A,N/A,N/A,N/A,N/A,N/A,N/A,N/A,N/A,N/A,false,false,14,65
36,1056.720886600,false,false,B,RT->BC,02,20,N/A,N/A,01,N/A,8.5,0x1000,N/A,N/A,0x4004,N/A,N/A,N/A,N/A,N/A,N/A,N/A,N/A,N/A,N/A,N/A,N/A,N/A,N/A,N/A,N/A,N/A,N/A,N/A,N/A,N/A,N/A,N/A,N/A,N/A,N/A,N/A,N/A,N/A,N/A,N/A,false,false,99,65
37,1056.720965600,false,false,B,RT->BC,04,20,N/A,N/A,01,N/A,8.5,0x2000,N/A,N/A,0x0001,N/A,N/A,N/A,N/A,N/A,N/A,N/A,N/A,N/A,N/A,N/A,N/A,N/A,N/A,N/A,N/A,N/A,N/A,N/A,N/A,N/A,N/A,N/A,N/A,N/A,N/A,N/A,N/A,N/A,N/A,N/A,false,false,14,65
38,1056.721044600,false,false,A,RT->BC,04,05,N/A,N/A,01,N/A,8.5,0x2000,N/A,N/A,0x0000,N/A,N/A,N/A,N/A,N/A,N/A,N/A,N/A,N/A,N/A,N/A,N/A,N/A,N/A,N/A,N/A,N/A,N/A,N/A,N/A,N/A,N/A,N/A,N/A,N/A,N/A,N/A,N/A,N/A,N/A,N/A,false,false,14,65
39,1056.721123600,false,false,A,RT->BC,04,30,N/A,N/A,32,N/A,8.5,0x2000,N/A,N/A,0x0001,0x0000,0x0000,0x0000,0x0000,0x0000,0x0000,0x0000,0x0000,0x0000,0x0000,0x0000,0x0000,0x0000,0x0000,0x0000,0x0000,0x0000,0x0000,0x0000,0x0000,0x0000,0x0000,0x0000,0x0000,0x0000,0x0000,0x0000,0x0000,0x0000,0x0000,0x0000,false,false,14,685
40,1056.721822600,false,false,A,RT->RT,01,01,03,01,09,N/A,8.5,0x1800,8.5,0x0800,0x2198,0x0000,0x0237,0x004E,0x9EB8,0x4242,0x1EB8,0x42F6,0x0000,N/A,N/A,N/A,N/A,N/A,N/A,N/A,N/A,N/A,N/A,N/A,N/A,N/A,N/A,N/A,N/A,N/A,N/A,N/A,N/A,N/A,N/A,N/A,false,false,14,272
41,1056.722108600,false,false,A,RT->RT,01,01,02,02,09,N/A,8.5,0x1000,8.5,0x0800,0x222E,0x0000,0x0235,0x005A,0x9EB8,0x4242,0x23D7,0x42F6,0x0000,N/A,N/A,N/A,N/A,N/A,N/A,N/A,N/A,N/A,N/A,N/A,N/A,N/A,N/A,N/A,N/A,N/A,N/A,N/A,N/A,N/A,N/A,N/A,false,false,14,272
42,1056.970485600,false,false,A,RT->RT,00,20,03,20,01,N/A,8.5,0x1800,8.5,0x0000,0x3372,N/A,N/A,N/A,N/A,N/A,N/A,N/A,N/A,N/A,N/A,N/A,N/A,N/A,N/A,N/A,N/A,N/A,N/A,N/A,N/A,N/A,N/A,N/A,N/A,N/A,N/A,N/A,N/A,N/A,N/A,N/A,true,false,248105,112
43,1056.970611600,false,false,A,RT->RT,00,01,31,01,01,N/A,8.5,0x0000,N/A,N/A,0x0000,N/A,N/A,N/A,N/A,N/A,N/A,N/A,N/A,N/A,N/A,N/A,N/A,N/A,N/A,N/A,N/A,N/A,N/A,N/A,N/A,N/A,N/A,N/A,N/A,N/A,N/A,N/A,N/A,N/A,N/A,N/A,true,false,14,85
44,1057.220486100,false,false,A,RT->RT,00,20,03,20,01,N/A,8.5,0x1800,8.5,0x0000,0x3372,N/A,N/A,N/A,N/A,N/A,N/A,N/A,N/A,N/A,N/A,N/A,N/A,N/A,N/A,N/A,N/A,N/A,N/A,N/A,N/A,N/A,N/A,N/A,N/A,N/A,N/A,N/A,N/A,N/A,N/A,N/A,true,false,249789,112
45,1057.220612100,false,false,A,RT->RT,00,01,31,01,01,N/A,8.5,0x0000,N/A,N/A,0x0000,N/A,N/A,N/A,N/A,N/A,N/A,N/A,N/A,N/A,N/A,N/A,N/A,N/A,N/A,N/A,N/A,N/A,N/A,N/A,N/A,N/A,N/A,N/A,N/A,N/A,N/A,N/A,N/A,N/A,N/A,N/A,true,false,14,85
46,1057.470486100,false,false,A,RT->RT,00,20,03,20,01,N/A,8.5,0x1800,8.5,0x0000,0x33CE,N/A,N/A,N/A,N/A,N/A,N/A,N/A,N/A,N/A,N/A,N/A,N/A,N/A,N/A,N/A,N/A,N/A,N/A,N/A,N/A,N/A,N/A,N/A,N/A,N/A,N/A,N/A,N/A,N/A,N/A,N/A,true,false,249789,112
47,1057.470612100,false,false,A,RT->RT,00,01,31,01,01,N/A,8.5,0x0000,N/A,N/A,0x0000,N/A,N/A,N/A,N/A,N/A,N/A,N/A,N/A,N/A,N/A,N/A,N/A,N/A,N/A,N/A,N/A,N/A,N/A,N/A,N/A,N/A,N/A,N/A,N/A,N/A,N/A,N/A,N/A,N/A,N/A,N/A,true,false,14,85
48,1057.720486100,false,false,A,RT->RT,00,20,03,20,01,N/A,8.5,0x1800,8.5,0x0000,0x3415,N/A,N/A,N/A,N/A,N/A,N/A,N/A,N/A,N/A,N/A,N/A,N/A,N/A,N/A,N/A,N/A,N/A,N/A,N/A,N/A,N/A,N/A,N/A,N/A,N/A,N/A,N/A,N/A,N/A,N/A,N/A,true,false,249789,112
49,1057.720612100,false,false,A,RT->RT,00,01,31,01,01,N/A,8.5,0x0000,N/A,N/A,0x0000,N/A,N/A,N/A,N/A,N/A,N/A,N/A,N/A,N/A,N/A,N/A,N/A,N/A,N/A,N/A,N/A,N/A,N/A,N/A,N/A,N/A,N/A,N/A,N/A,N/A,N/A,N/A,N/A,N/A,N/A,N/A,true,false,14,85
50,1057.970486100,false,false,A,RT->RT,00,20,03,20,01,N/A,8.5,0x1800,8.5,0x0000,0x3443,N/A,N/A,N/A,N/A,N/A,N/A,N/A,N/A,N/A,N/A,N/A,N/A,N/A,N/A,N/A,N/A,N/A,N/A,N/A,N/A,N/A,N/A,N/A,N/A,N/A,N/A,N/A,N/A,N/A,N/A,N/A,true,false,249789,112
51,1057.970612100,false,false,A,RT->RT,00,01,31,01,01,N/A,8.5,0x0000,N/A,N/A,0x0000,N/A,N/A,N/A,N/A,N/A,N/A,N/A,N/A,N/A,N/A,N/A,N/A,N/A,N/A,N/A,N/A,N/A,N/A,N/A,N/A,N/A,N/A,N/A,N/A,N/A,N/A,N/A,N/A,N/A,N/A,N/A,true,false,14,85
52,1058.220486100,false,false,A,RT->RT,00,20,03,20,01,N/A,8.5,0x1800,8.5,0x0000,0x3477,N/A,N/A,N/A,N/A,N/A,N/A,N/A,N/A,N/A,N/A,N/A,N/A,N/A,N/A,N/A,N/A,N/A,N/A,N/A,N/A,N/A,N/A,N/A,N/A,N/A,N/A,N/A,N/A,N/A,N/A,N/A,true,false,249789,112
53,1058.220612100,false,false,A,RT->RT,00,01,31,01,01,N/A,8.5,0x0000,N/A,N/A,0x0000,N/A,N/A,N/A,N/A,N/A,N/A,N/A,N/A,N/A,N/A,N/A,N/A,N/A,N/A,N/A,N/A,N/A,N/A,N/A,N/A,N/A,N/A,N/A,N/A,N/A,N/A,N/A,N/A,N/A,N/A,N/A,true,false,14,85
54,1058.470486100,false,false,A,RT->RT,00,20,03,20,01,N/A,8.5,0x1800,8.5,0x0000,0x3477,N/A,N/A,N/A,N/A,N/A,N/A,N/A,N/A,N/A,N/A,N/A,N/A,N/A,N/A,N/A,N/A,N/A,N/A,N/A,N/A,N/A,N/A,N/A,N/A,N/A,N/A,N/A,N/A,N/A,N/A,N/A,true,false,249789,112
55,1058.470612100,false,false,A,RT->RT,00,01,31,01,01,N/A,8.5,0x0000,N/A,N/A,0x0000,N/A,N/A,N/A,N/A,N/A,N/A,N/A,N/A,N/A,N/A,N/A,N/A,N/A,N/A,N/A,N/A,N/A,N/A,N/A,N/A,N/A,N/A,N/A,N/A,N/A,N/A,N/A,N/A,N/A,N/A,N/A,true,false,14,85
56,1058.720486100,false,false,A,RT->RT,00,20,03,20,01,N/A,8.5,0x1800,8.5,0x0000,0x3477,N/A,N/A,N/A,N/A,N/A,N/A,N/A,N/A,N/A,N/A,N/A,N/A,N/A,N/A,N/A,N/A,N/A,N/A,N/A,N/A,N/A,N/A,N/A,N/A,N/A,N/A,N/A,N/A,N/A,N/A,N/A,true,false,249789,112
57,1058.720612100,false,false,A,RT->RT,00,01,31,01,01,N/A,8.5,0x0000,N/A,N/A,0x0000,N/A,N/A,N/A,N/A,N/A,N/A,N/A,N/A,N/A,N/A,N/A,N/A,N/A,N/A,N/A,N/A,N/A,N/A,N/A,N/A,N/A,N/A,N/A,N/A,N/A,N/A,N/A,N/A,N/A,N/A,N/A,true,false,14,85
58,1058.970486100,false,false,A,RT->RT,00,20,03,20,01,N/A,8.5,0x1800,8.5,0x0000,0x3477,N/A,N/A,N/A,N/A,N/A,N/A,N/A,N/A,N/A,N/A,N/A,N/A,N/A,N/A,N/A,N/A,N/A,N/A,N/A,N/A,N/A,N/A,N/A,N/A,N/A,N/A,N/A,N/A,N/A,N/A,N/A,true,false,249789,112
59,1058.970612100,false,false,A,RT->RT,00,01,31,01,01,N/A,8.5,0x0000,N/A,N/A,0x0000,N/A,N/A,N/A,N/A,N/A,N/A,N/A,N/A,N/A,N/A,N/A,N/A,N/A,N/A,N/A,N/A,N/A,N/A,N/A,N/A,N/A,N/A,N/A,N/A,N/A,N/A,N/A,N/A,N/A,N/A,N/A,true,false,14,85
60,1059.220486100,false,false,A,RT->RT,00,20,03,20,01,N/A,8.5,0x1800,8.5,0x0000,0x3477,N/A,N/A,N/A,N/A,N/A,N/A,N/A,N/A,N/A,N/A,N/A,N/A,N/A,N/A,N/A,N/A,N/A,N/A,N/A,N/A,N/A,N/A,N/A,N/A,N/A,N/A,N/A,N/A,N/A,N/A,N/A,true,false,249789,112
61,1059.220612100,false,false,A,RT->RT,00,01,31,01,01,N/A,8.5,0x0000,N/A,N/A,0x0000,N/A,N/A,N/A,N/A,N/A,N/A,N/A,N/A,N/A,N/A,N/A,N/A,N/A,N/A,N/A,N/A,N/A,N/A,N/A,N/A,N/A,N/A,N/A,N/A,N/A,N/A,N/A,N/A,N/A,N/A,N/A,true,false,14,85
62,1059.470486100,false,false,A,RT->RT,00,20,03,20,01,N/A,8.5,0x1800,8.5,0x0000,0x3477,N/A,N/A,N/A,N/A,N/A,N/A,N/A,N/A,N/A,N/A,N/A,N/A,N/A,N/A,N/A,N/A,N/A,N/A,N/A,N/A,N/A,N/A,N/A,N/A,N/A,N/A,N/A,N/A,N/A,N/A,N/A,true,false,249789,112
63,1059.470612100,false,false,A,RT->RT,00,01,31,01,01,N/A,8.5,0x0000,N/A,N/A,0x0000,N/A,N/A,N/A,N/A,N/A,N/A,N/A,N/A,N/A,N/A,N/A,N/A,N/A,N/A,N/A,N/A,N/A,N/A,N/A,N/A,N/A,N/A,N/A,N/A,N/A,N/A,N/A,N/A,N/A,N/A,N/A,true,false,14,85
64,1059.720486100,false,false,A,RT->RT,00,20,03,20,01,N/A,8.5,0x1800,8.5,0x0000,0x3477,N/A,N/A,N/A,N/A,N/A,N/A,N/A,N/A,N/A,N/A,N/A,N/A,N/A,N/A,N/A,N/A,N/A,N/A,N/A,N/A,N/A,N/A,N/A,N/A,N/A,N/A,N/A,N/A,N/A,N/A,N/A,true,false,249789,112
65,1059.720612100,false,false,A,RT->RT,00,01,31,01,01,N/A,8.5,0x0000,N/A,N/A,0x0000,N/A,N/A,N/A,N/A,N/A,N/A,N/A,N/A,N/A,N/A,N/A,N/A,N/A,N/A,N/A,N/A,N/A,N/A,N/A,N/A,N/A,N/A,N/A,N/A,N/A,N/A,N/A,N/A,N/A,N/A,N/A,true,false,14,85
66,1059.970486100,false,false,A,RT->RT,00,20,03,20,01,N/A,8.5,0x1800,8.5,0x0000,0x3477,N/A,N/A,N/A,N/A,N/A,N/A,N/A,N/A,N/A,N/A,N/A,N/A,N/A,N/A,N/A,N/A,N/A,N/A,N/A,N/A,N/A,N/A,N/A,N/A,N/A,N/A,N/A,N/A,N/A,N/A,N/A,true,false,249789,112
67,1059.970612100,false,false,A,RT->RT,00,01,31,01,01,N/A,8.5,0x0000,N/A,N/A,0x0000,N/A,N/A,N/A,N/A,N/A,N/A,N/A,N/A,N/A,N/A,N/A,N/A,N/A,N/A,N/A,N/A,N/A,N/A,N/A,N/A,N/A,N/A,N/A,N/A,N/A,N/A,N/A,N/A,N/A,N/A,N/A,true,false,14,85
68,1060.220486100,false,false,A,RT->RT,00,20,03,20,01,N/A,8.5,0x1800,8.5,0x0000,0x3477,N/A,N/A,N/A,N/A,N/A,N/A,N/A,N/A,N/A,N/A,N/A,N/A,N/A,N/A,N/A,N/A,N/A,N/A,N/A,N/A,N/A,N/A,N/A,N/A,N/A,N/A,N/A,N/A,N/A,N/A,N/A,true,false,249789,112
69,1060.220612100,false,false,A,RT->RT,00,01,31,01,01,N/A,8.5,0x0000,N/A,N/A,0x0000,N/A,N/A,N/A,N/A,N/A,N/A,N/A,N/A,N/A,N/A,N/A,N/A,N/A,N/A,N/A,N/A,N/A,N/A,N/A,N/A,N/A,N/A,N/A,N/A,N/A,N/A,N/A,N/A,N/A,N/A,N/A,true,false,14,85
70,1060.470486100,false,false,A,RT->RT,00,20,03,20,01,N/A,8.5,0x1800,8.5,0x0000,0x3477,N/A,N/A,N/A,N/A,N/A,N/A,N/A,N/A,N/A,N/A,N/A,N/A,N/A,N/A,N/A,N/A,N/A,N/A,N/A,N/A,N/A,N/A,N/A,N/A,N/A,N/A,N/A,N/A,N/A,N/A,N/A,true,false,249789,112
71,1060.470612100,false,false,A,RT->RT,00,01,31,01,01,N/A,8.5,0x0000,N/A,N/A,0x0000,N/A,N/A,N/A,N/A,N/A,N/A,N/A,N/A,N/A,N/A,N/A,N/A,N/A,N/A,N/A,N/A,N/A,N/A,N/A,N/A,N/A,N/A,N/A,N/A,N/A,N/A,N/A,N/A,N/A,N/A,N/A,true,false,14,85
72,1060.720486100,false,false,A,RT->RT,00,20,03,20,01,N/A,8.5,0x1800,8.5,0x0000,0x3477,N/A,N/A,N/A,N/A,N/A,N/A,N/A,N/A,N/A,N/A,N/A,N/A,N/A,N/A,N/A,N/A,N/A,N/A,N/A,N/A,N/A,N/A,N/A,N/A,N/A,N/A,N/A,N/A,N/A,N/A,N/A,true,false,249789,112
73,1060.720612100,false,false,A,RT->RT,00,01,31,01,01,N/A,8.5,0x0000,N/A,N/A,0x0000,N/A,N/A,N/A,N/A,N/A,N/A,N/A,N/A,N/A,N/A,N/A,N/A,N/A,N/A,N/A,N/A,N/A,N/A,N/A,N/A,N/A,N/A,N/A,N/A,N/A,N/A,N/A,N/A,N/A,N/A,N/A,true,false,14,85
74,1060.970486100,false,false,A,RT->RT,00,20,03,20,01,N/A,8.5,0x1800,8.5,0x0000,0x3477,N/A,N/A,N/A,N/A,N/A,N/A,N/A,N/A,N/A,N/A,N/A,N/A,N/A,N/A,N/A,N/A,N/A,N/A,N/A,N/A,N/A,N/A,N/A,N/A,N/A,N/A,N/A,N/A,N/A,N/A,N/A,true,false,249789,112
75,1060.970612100,false,false,A,RT->RT,00,01,31,01,01,N/A,8.5,0x0000,N/A,N/A,0x0000,N/A,N/A,N/A,N/A,N/A,N/A,N/A,N/A,N/A,N/A,N/A,N/A,N/A,N/A,N/A,N/A,N/A,N/A,N/A,N/A,N/A,N/A,N/A,N/A,N/A,N/A,N/A,N/A,N/A,N/A,N/A,true,false,14,85
76,1061.220486100,false,false,A,RT->RT,00,20,03,20,01,N/A,8.5,0x1800,8.5,0x0000,0x3477,N/A,N/A,N/A,N/A,N/A,N/A,N/A,N/A,N/A,N/A,N/A,N/A,N/A,N/A,N/A,N/A,N/A,N/A,N/A,N/A,N/A,N/A,N/A,N/A,N/A,N/A,N/A,N/A,N/A,N/A,N/A,true,false,249789,112
77,1061.220612100,false,false,A,RT->RT,00,01,31,01,01,N/A,8.5,0x0000,N/A,N/A,0x0000,N/A,N/A,N/A,N/A,N/A,N/A,N/A,N/A,N/A,N/A,N/A,N/A,N/A,N/A,N/A,N/A,N/A,N/A,N/A,N/A,N/A,N/A,N/A,N/A,N/A,N/A,N/A,N/A,N/A,N/A,N/A,true,false,14,85
78,1061.470486100,false,false,A,RT->RT,00,20,03,20,01,N/A,8.5,0x1800,8.5,0x0000,0x3477,N/A,N/A,N/A,N/A,N/A,N/A,N/A,N/A,N/A,N/A,N/A,N/A,N/A,N/A,N/A,N/A,N/A,N/A,N/A,N/A,N/A,N/A,N/A,N/A,N/A,N/A,N/A,N/A,N/A,N/A,N/A,true,false,249789,112
79,1061.470612100,false,false,A,RT->RT,00,01,31,01,01,N/A,8.5,0x0000,N/A,N/A,0x0000,N/A,N/A,N/A,N/A,N/A,N/A,N/A,N/A,N/A,N/A,N/A,N/A,N/A,N/A,N/A,N/A,N/A,N/A,N/A,N/A,N/A,N/A,N/A,N/A,N/A,N/A,N/A,N/A,N/A,N/A,N/A,true,false,14,85
80,1061.720486100,false,false,A,RT->RT,00,20,03,20,01,N/A,8.5,0x1800,8.5,0x0000,0x3477,N/A,N/A,N/A,N/A,N/A,N/A,N/A,N/A,N/A,N/A,N/A,N/A,N/A,N/A,N/A,N/A,N/A,N/A,N/A,N/A,N/A,N/A,N/A,N/A,N/A,N/A,N/A,N/A,N/A,N/A,N/A,true,false,249789,112
81,1061.720612100,false,false,A,RT->RT,00,01,31,01,01,N/A,8.5,0x0000,N/A,N/A,0x0000,N/A,N/A,N/A,N/A,N/A,N/A,N/A,N/A,N/A,N/A,N/A,N/A,N/A,N/A,N/A,N/A,N/A,N/A,N/A,N/A,N/A,N/A,N/A,N/A,N/A,N/A,N/A,N/A,N/A,N/A,N/A,true,false,14,85
82,1061.970486100,false,false,A,RT->RT,00,20,03,20,01,N/A,8.5,0x1800,8.5,0x0000,0x3477,N/A,N/A,N/A,N/A,N/A,N/A,N/A,N/A,N/A,N/A,N/A,N/A,N/A,N/A,N/A,N/A,N/A,N/A,N/A,N/A,N/A,N/A,N/A,N/A,N/A,N/A,N/A,N/A,N/A,N/A,N/A,true,false,249789,112
83,1061.970612100,false,false,A,RT->RT,00,01,31,01,01,N/A,8.5,0x0000,N/A,N/A,0x0000,N/A,N/A,N/A,N/A,N/A,N/A,N/A,N/A,N/A,N/A,N/A,N/A,N/A,N/A,N/A,N/A,N/A,N/A,N/A,N/A,N/A,N/A,N/A,N/A,N/A,N/A,N/A,N/A,N/A,N/A,N/A,true,false,14,85
84,1062.220486100,false,false,A,RT->RT,00,20,03,20,01,N/A,8.5,0x1800,8.5,0x0000,0x3477,N/A,N/A,N/A,N/A,N/A,N/A,N/A,N/A,N/A,N/A,N/A,N/A,N/A,N/A,N/A,N/A,N/A,N/A,N/A,N/A,N/A,N/A,N/A,N/A,N/A,N/A,N/A,N/A,N/A,N/A,N/A,true,false,249789,112
85,1062.220612100,false,false,A,RT->RT,00,01,31,01,01,N/A,8.5,0x0000,N/A,N/A,0x0000,N/A,N/A,N/A,N/A,N/A,N/A,N/A,N/A,N/A,N/A,N/A,N/A,N/A,N/A,N/A,N/A,N/A,N/A,N/A,N/A,N/A,N/A,N/A,N/A,N/A,N/A,N/A,N/A,N/A,N/A,N/A,true,false,14,85
86,1062.470486100,false,false,A,RT->RT,00,20,03,20,01,N/A,8.5,0x1800,8.5,0x0000,0x3477,N/A,N/A,N/A,N/A,N/A,N/A,N/A,N/A,N/A,N/A,N/A,N/A,N/A,N/A,N/A,N/A,N/A,N/A,N/A,N/A,N/A,N/A,N/A,N/A,N/A,N/A,N/A,N/A,N/A,N/A,N/A,true,false,249789,112
87,1062.470612100,false,false,A,RT->RT,00,01,31,01,01,N/A,8.5,0x0000,N/A,N/A,0x0000,N/A,N/A,N/A,N/A,N/A,N/A,N/A,N/A,N/A,N/A,N/A,N/A,N/A,N/A,N/A,N/A,N/A,N/A,N/A,N/A,N/A,N/A,N/A,N/A,N/A,N/A,N/A,N/A,N/A,N/A,N/A,true,false,14,85
88,1062.720486100,false,false,A,RT->RT,00,20,03,20,01,N/A,8.5,0x1800,8.5,0x0000,0x3477,N/A,N/A,N/A,N/A,N/A,N/A,N/A,N/A,N/A,N/A,N/A,N/A,N/A,N/A,N/A,N/A,N/A,N/A,N/A,N/A,N/A,N/A,N/A,N/A,N/A,N/A,N/A,N/A,N/A,N/A,N/A,true,false,249789,112
89,1062.720612100,false,false,A,RT->RT,00,01,31,01,01,N/A,8.5,0x0000,N/A,N/A,0x0000,N/A,N/A,N/A,N/A,N/A,N/A,N/A,N/A,N/A,N/A,N/A,N/A,N/A,N/A,N/A,N/A,N/A,N/A,N/A,N/A,N/A,N/A,N/A,N/A,N/A,N/A,N/A,N/A,N/A,N/A,N/A,true,false,14,85
90,1062.970486100,false,false,A,RT->RT,00,20,03,20,01,N/A,8.5,0x1800,8.5,0x0000,0x3477,N/A,N/A,N/A,N/A,N/A,N/A,N/A,N/A,N/A,N/A,N/A,N/A,N/A,N/A,N/A,N/A,N/A,N/A,N/A,N/A,N/A,N/A,N/A,N/A,N/A,N/A,N/A,N/A,N/A,N/A,N/A,true,false,249789,112
91,1062.970612100,false,false,A,RT->RT,00,01,31,01,01,N/A,8.5,0x0000,N/A,N/A,0x0000,N/A,N/A,N/A,N/A,N/A,N/A,N/A,N/A,N/A,N/A,N/A,N/A,N/A,N/A,N/A,N/A,N/A,N/A,N/A,N/A,N/A,N/A,N/A,N/A,N/A,N/A,N/A,N/A,N/A,N/A,N/A,true,false,14,85
92,1063.220486100,false,false,A,RT->RT,00,20,03,20,01,N/A,8.5,0x1800,8.5,0x0000,0x3477,N/A,N/A,N/A,N/A,N/A,N/A,N/A,N/A,N/A,N/A,N/A,N/A,N/A,N/A,N/A,N/A,N/A,N/A,N/A,N/A,N/A,N/A,N/A,N/A,N/A,N/A,N/A,N/A,N/A,N/A,N/A,true,false,249789,112
93,1063.220612100,false,false,A,RT->RT,00,01,31,01,01,N/A,8.5,0x0000,N/A,N/A,0x0000,N/A,N/A,N/A,N/A,N/A,N/A,N/A,N/A,N/A,N/A,N/A,N/A,N/A,N/A,N/A,N/A,N/A,N/A,N/A,N/A,N/A,N/A,N/A,N/A,N/A,N/A,N/A,N/A,N/A,N/A,N/A,true,false,14,85
94,1063.470486100,false,false,A,RT->RT,00,20,03,20,01,N/A,8.5,0x1800,8.5,0x0000,0x3477,N/A,N/A,N/A,N/A,N/A,N/A,N/A,N/A,N/A,N/A,N/A,N/A,N/A,N/A,N/A,N/A,N/A,N/A,N/A,N/A,N/A,N/A,N/A,N/A,N/A,N/A,N/A,N/A,N/A,N/A,N/A,true,false,249789,112
95,1063.470612100,false,false,A,RT->RT,00,01,31,01,01,N/A,8.5,0x0000,N/A,N/A,0x0000,N/A,N/A,N/A,N/A,N/A,N/A,N/A,N/A,N/A,N/A,N/A,N/A,N/A,N/A,N/A,N/A,N/A,N/A,N/A,N/A,N/A,N/A,N/A,N/A,N/A,N/A,N/A,N/A,N/A,N/A,N/A,true,false,14,85
96,1063.720486100,false,false,A,RT->RT,00,20,03,20,01,N/A,8.5,0x1800,8.5,0x0000,0x3477,N/A,N/A,N/A,N/A,N/A,N/A,N/A,N/A,N/A,N/A,N/A,N/A,N/A,N/A,N/A,N/A,N/A,N/A,N/A,N/A,N/A,N/A,N/A,N/A,N/A,N/A,N/A,N/A,N/A,N/A,N/A,true,false,249789,112
97,1063.720612100,false,false,A,RT->RT,00,01,31,01,01,N/A,8.5,0x0000,N/A,N/A,0x0000,N/A,N/A,N/A,N/A,N/A,N/A,N/A,N/A,N/A,N/A,N/A,N/A,N/A,N/A,N/A,N/A,N/A,N/A,N/A,N/A,N/A,N/A,N/A,N/A,N/A,N/A,N/A,N/A,N/A,N/A,N/A,true,false,14,85
98,1063.970486100,false,false,A,RT->RT,00,20,03,20,01,N/A,8.5,0x1800,8.5,0x0000,0x3477,N/A,N/A,N/A,N/A,N/A,N/A,N/A,N/A,N/A,N/A,N/A,N/A,N/A,N/A,N/A,N/A,N/A,N/A,N/A,N/A,N/A,N/A,N/A,N/A,N/A,N/A,N/A,N/A,N/A,N/A,N/A,true,false,249789,112
99,1063.970612100,false,false,A,RT->RT,00,01,31,01,01,N/A,8.5,0x0000,N/A,N/A,0x0000,N/A,N/A,N/A,N/A,N/A,N/A,N/A,N/A,N/A,N/A,N/A,N/A,N/A,N/A,N/A,N/A,N/A,N/A,N/A,N/A,N/A,N/A,N/A,N/A,N/A,N/A,N/A,N/A,N/A,N/A,N/A,true,false,14,85
100,1064.220486100,false,false,A,RT->RT,00,20,03,20,01,N/A,8.5,0x1800,8.5,0x0000,0x3477,N/A,N/A,N/A,N/A,N/A,N/A,N/A,N/A,N/A,N/A,N/A,N/A,N/A,N/A,N/A,N/A,N/A,N/A,N/A,N/A,N/A,N/A,N/A,N/A,N/A,N/A,N/A,N/A,N/A,N/A,N/A,true,false,249789,112
101,1064.220612100,false,false,A,RT->RT,00,01,31,01,01,N/A,8.5,0x0000,N/A,N/A,0x0000,N/A,N/A,N/A,N/A,N/A,N/A,N/A,N/A,N/A,N/A,N/A,N/A,N/A,N/A,N/A,N/A,N/A,N/A,N/A,N/A,N/A,N/A,N/A,N/A,N/A,N/A,N/A,N/A,N/A,N/A,N/A,true,false,14,85
102,1064.470486100,false,false,A,RT->RT,00,20,03,20,01,N/A,8.5,0x1800,8.5,0x0000,0x3477,N/A,N/A,N/A,N/A,N/A,N/A,N/A,N/A,N/A,N/A,N/A,N/A,N/A,N/A,N/A,N/A,N/A,N/A,N/A,N/A,N/A,N/A,N/A,N/A,N/A,N/A,N/A,N/A,N/A,N/A,N/A,true,false,249789,112
103,1064.470612100,false,false,A,RT->RT,00,01,31,01,01,N/A,8.5,0x0000,N/A,N/A,0x0000,N/A,N/A,N/A,N/A,N/A,N/A,N/A,N/A,N/A,N/A,N/A,N/A,N/A,N/A,N/A,N/A,N/A,N/A,N/A,N/A,N/A,N/A,N/A,N/A,N/A,N/A,N/A,N/A,N/A,N/A,N/A,true,false,14,85
104,1064.720486100,false,false,A,RT->RT,00,20,03,20,01,N/A,8.5,0x1800,8.5,0x0000,0x3477,N/A,N/A,N/A,N/A,N/A,N/A,N/A,N/A,N/A,N/A,N/A,N/A,N/A,N/A,N/A,N/A,N/A,N/A,N/A,N/A,N/A,N/A,N/A,N/A,N/A,N/A,N/A,N/A,N/A,N/A,N/A,true,false,249789,112
105,1064.720612100,false,false,A,RT->RT,00,01,31,01,01,N/A,8.5,0x0000,N/A,N/A,0x0000,N/A,N/A,N/A,N/A,N/A,N/A,N/A,N/A,N/A,N/A,N/A,N/A,N/A,N/A,N/A,N/A,N/A,N/A,N/A,N/A,N/A,N/A,N/A,N/A,N/A,N/A,N/A,N/A,N/A,N/A,N/A,true,false,14,85
106,1064.970486100,false,false,A,RT->RT,00,20,03,20,01,N/A,8.5,0x1800,8.5,0x0000,0x3477,N/A,N/A,N/A,N/A,N/A,N/A,N/A,N/A,N/A,N/A,N/A,N/A,N/A,N/A,N/A,N/A,N/A,N/A,N/A,N/A,N/A,N/A,N/A,N/A,N/A,N/A,N/A,N/A,N/A,N/A,N/A,true,false,249789,112
107,1064.970612100,false,false,A,RT->RT,00,01,31,01,01,N/A,8.5,0x0000,N/A,N/A,0x0000,N/A,N/A,N/A,N/A,N/A,N/A,N/A,N/A,N/A,N/A,N/A,N/A,N/A,N/A,N/A,N/A,N/A,N/A,N/A,N/A,N/A,N/A,N/A,N/A,N/A,N/A,N/A,N/A,N/A,N/A,N/A,true,false,14,85
108,1065.220486100,false,false,A,RT->RT,00,20,03,20,01,N/A,8.5,0x1800,8.5,0x0000,0x3477,N/A,N/A,N/A,N/A,N/A,N/A,N/A,N/A,N/A,N/A,N/A,N/A,N/A,N/A,N/A,N/A,N/A,N/A,N/A,N/A,N/A,N/A,N/A,N/A,N/A,N/A,N/A,N/A,N/A,N/A,N/A,true,false,249789,112
109,1065.220612100,false,false,A,RT->RT,00,01,31,01,01,N/A,8.5,0x0000,N/A,N/A,0x0000,N/A,N/A,N/A,N/A,N/A,N/A,N/A,N/A,N/A,N/A,N/A,N/A,N/A,N/A,N/A,N/A,N/A,N/A,N/A,N/A,N/A,N/A,N/A,N/A,N/A,N/A,N/A,N/A,N/A,N/A,N/A,true,false,14,85
110,1065.470486100,false,false,A,RT->RT,00,20,03,20,01,N/A,8.5,0x1800,8.5,0x0000,0x3477,N/A,N/A,N/A,N/A,N/A,N/A,N/A,N/A,N/A,N/A,N/A,N/A,N/A,N/A,N/A,N/A,N/A,N/A,N/A,N/A,N/A,N/A,N/A,N/A,N/A,N/A,N/A,N/A,N/A,N/A,N/A,true,false,249789,112
111,1065.470612100,false,false,A,RT->RT,00,01,31,01,01,N/A,8.5,0x0000,N/A,N/A,0x0000,N/A,N/A,N/A,N/A,N/A,N/A,N/A,N/A,N/A,N/A,N/A,N/A,N/A,N/A,N/A,N/A,N/A,N/A,N/A,N/A,N/A,N/A,N/A,N/A,N/A,N/A,N/A,N/A,N/A,N/A,N/A,true,false,14,85
112,1065.720486100,false,false,A,RT->RT,00,20,03,20,01,N/A,8.5,0x1800,8.5,0x0000,0x3477,N/A,N/A,N/A,N/A,N/A,N/A,N/A,N/A,N/A,N/A,N/A,N/A,N/A,N/A,N/A,N/A,N/A,N/A,N/A,N/A,N/A,N/A,N/A,N/A,N/A,N/A,N/A,N/A,N/A,N/A,N/A,true,false,249789,112
113,1065.720612100,false,false,A,RT->RT,00,01,31,01,01,N/A,8.5,0x0000,N/A,N/A,0x0000,N/A,N/A,N/A,N/A,N/A,N/A,N/A,N/A,N/A,N/A,N/A,N/A,N/A,N/A,N/A,N/A,N/A,N/A,N/A,N/A,N/A,N/A,N/A,N/A,N/A,N/A,N/A,N/A,N/A,N/A,N/A,true,false,14,85
114,1065.970486100,false,false,A,RT->RT,00,20,03,20,01,N/A,8.5,0x1800,8.5,0x0000,0x3477,N/A,N/A,N/A,N/A,N/A,N/A,N/A,N/A,N/A,N/A,N/A,N/A,N/A,N/A,N/A,N/A,N/A,N/A,N/A,N/A,N/A,N/A,N/A,N/A,N/A,N/A,N/A,N/A,N/A,N/A,N/A,true,false,249789,112
115,1065.970612100,false,false,A,RT->RT,00,01,31,01,01,N/A,8.5,0x0000,N/A,N/A,0x0000,N/A,N/A,N/A,N/A,N/A,N/A,N/A,N/A,N/A,N/A,N/A,N/A,N/A,N/A,N/A,N/A,N/A,N/A,N/A,N/A,N/A,N/A,N/A,N/A,N/A,N/A,N/A,N/A,N/A,N/A,N/A,true,false,14,85
116,1066.220486100,false,false,A,RT->RT,00,20,03,20,01,N/A,8.5,0x1800,8.5,0x0000,0x3477,N/A,N/A,N/A,N/A,N/A,N/A,N/A,N/A,N/A,N/A,N/A,N/A,N/A,N/A,N/A,N/A,N/A,N/A,N/A,N/A,N/A,N/A,N/A,N/A,N/A,N/A,N/A,N/A,N/A,N/A,N/A,true,false,249789,112
117,1066.220612100,false,false,A,RT->RT,00,01,31,01,01,N/A,8.5,0x0000,N/A,N/A,0x0000,N/A,N/A,N/A,N/A,N/A,N/A,N/A,N/A,N/A,N/A,N/A,N/A,N/A,N/A,N/A,N/A,N/A,N/A,N/A,N/A,N/A,N/A,N/A,N/A,N/A,N/A,N/A,N/A,N/A,N/A,N/A,true,false,14,85
118,1066.470486100,false,false,A,RT->RT,00,20,03,20,01,N/A,8.5,0x1800,8.5,0x0000,0x3477,N/A,N/A,N/A,N/A,N/A,N/A,N/A,N/A,N/A,N/A,N/A,N/A,N/A,N/A,N/A,N/A,N/A,N/A,N/A,N/A,N/A,N/A,N/A,N/A,N/A,N/A,N/A,N/A,N/A,N/A,N/A,true,false,249789,112
119,1066.470612100,false,false,A,RT->RT,00,01,31,01,01,N/A,8.5,0x0000,N/A,N/A,0x0000,N/A,N/A,N/A,N/A,N/A,N/A,N/A,N/A,N/A,N/A,N/A,N/A,N/A,N/A,N/A,N/A,N/A,N/A,N/A,N/A,N/A,N/A,N/A,N/A,N/A,N/A,N/A,N/A,N/A,N/A,N/A,true,false,14,85
120,1066.720486100,false,false,A,RT->RT,00,20,03,20,01,N/A,8.5,0x1800,8.5,0x0000,0x3477,N/A,N/A,N/A,N/A,N/A,N/A,N/A,N/A,N/A,N/A,N/A,N/A,N/A,N/A,N/A,N/A,N/A,N/A,N/A,N/A,N/A,N/A,N/A,N/A,N/A,N/A,N/A,N/A,N/A,N/A,N/A,true,false,249789,112
121,1066.720612100,false,false,A,RT->RT,00,01,31,01,01,N/A,8.5,0x0000,N/A,N/A,0x0000,N/A,N/A,N/A,N/A,N/A,N/A,N/A,N/A,N/A,N/A,N/A,N/A,N/A,N/A,N/A,N/A,N/A,N/A,N/A,N/A,N/A,N/A,N/A,N/A,N/A,N/A,N/A,N/A,N/A,N/A,N/A,true,false,14,85
122,1066.970486100,false,false,A,RT->RT,00,20,03,20,01,N/A,8.5,0x1800,8.5,0x0000,0x3477,N/A,N/A,N/A,N/A,N/A,N/A,N/A,N/A,N/A,N/A,N/A,N/A,N/A,N/A,N/A,N/A,N/A,N/A,N/A,N/A,N/A,N/A,N/A,N/A,N/A,N/A,N/A,N/A,N/A,N/A,N/A,true,false,249789,112
123,1066.970612100,false,false,A,RT->RT,00,01,31,01,01,N/A,8.5,0x0000,N/A,N/A,0x0000,N/A,N/A,N/A,N/A,N/A,N/A,N/A,N/A,N/A,N/A,N/A,N/A,N/A,N/A,N/A,N/A,N/A,N/A,N/A,N/A,N/A,N/A,N/A,N/A,N/A,N/A,N/A,N/A,N/A,N/A,N/A,true,false,14,85
124,1067.220486100,false,false,A,RT->RT,00,20,03,20,01,N/A,8.5,0x1800,8.5,0x0000,0x3477,N/A,N/A,N/A,N/A,N/A,N/A,N/A,N/A,N/A,N/A,N/A,N/A,N/A,N/A,N/A,N/A,N/A,N/A,N/A,N/A,N/A,N/A,N/A,N/A,N/A,N/A,N/A,N/A,N/A,N/A,N/A,true,false,249789,112
125,1067.220612100,false,false,A,RT->RT,00,01,31,01,01,N/A,8.5,0x0000,N/A,N/A,0x0000,N/A,N/A,N/A,N/A,N/A,N/A,N/A,N/A,N/A,N/A,N/A,N/A,N/A,N/A,N/A,N/A,N/A,N/A,N/A,N/A,N/A,N/A,N/A,N/A,N/A,N/A,N/A,N/A,N/A,N/A,N/A,true,false,14,85
126,1067.470486100,false,false,A,RT->RT,00,20,03,20,01,N/A,8.5,0x1800,8.5,0x0000,0x3477,N/A,N/A,N/A,N/A,N/A,N/A,N/A,N/A,N/A,N/A,N/A,N/A,N/A,N/A,N/A,N/A,N/A,N/A,N/A,N/A,N/A,N/A,N/A,N/A,N/A,N/A,N/A,N/A,N/A,N/A,N/A,true,false,249789,112
127,1067.470612100,false,false,A,RT->RT,00,01,31,01,01,N/A,8.5,0x0000,N/A,N/A,0x0000,N/A,N/A,N/A,N/A,N/A,N/A,N/A,N/A,N/A,N/A,N/A,N/A,N/A,N/A,N/A,N/A,N/A,N/A,N/A,N/A,N/A,N/A,N/A,N/A,N/A,N/A,N/A,N/A,N/A,N/A,N/A,true,false,14,85
128,1067.720486100,false,false,A,RT->RT,00,20,03,20,01,N/A,8.5,0x1800,8.5,0x0000,0x3477,N/A,N/A,N/A,N/A,N/A,N/A,N/A,N/A,N/A,N/A,N/A,N/A,N/A,N/A,N/A,N/A,N/A,N/A,N/A,N/A,N/A,N/A,N/A,N/A,N/A,N/A,N/A,N/A,N/A,N/A,N/A,true,false,249789,112
129,1067.720612100,false,false,A,RT->RT,00,01,31,01,01,N/A,8.5,0x0000,N/A,N/A,0x0000,N/A,N/A,N/A,N/A,N/A,N/A,N/A,N/A,N/A,N/A,N/A,N/A,N/A,N/A,N/A,N/A,N/A,N/A,N/A,N/A,N/A,N/A,N/A,N/A,N/A,N/A,N/A,N/A,N/A,N/A,N/A,true,false,14,85
130,1067.970486100,false,false,A,RT->RT,00,20,03,20,01,N/A,8.5,0x1800,8.5,0x0000,0x3477,N/A,N/A,N/A,N/A,N/A,N/A,N/A,N/A,N/A,N/A,N/A,N/A,N/A,N/A,N/A,N/A,N/A,N/A,N/A,N/A,N/A,N/A,N/A,N/A,N/A,N/A,N/A,N/A,N/A,N/A,N/A,true,false,249789,112
131,1067.970612100,false,false,A,RT->RT,00,01,31,01,01,N/A,8.5,0x0000,N/A,N/A,0x0000,N/A,N/A,N/A,N/A,N/A,N/A,N/A,N/A,N/A,N/A,N/A,N/A,N/A,N/A,N/A,N/A,N/A,N/A,N/A,N/A,N/A,N/A,N/A,N/A,N/A,N/A,N/A,N/A,N/A,N/A,N/A,true,false,14,85
132,1068.220486100,false,false,A,RT->RT,00,20,03,20,01,N/A,8.5,0x1800,8.5,0x0000,0x3477,N/A,N/A,N/A,N/A,N/A,N/A,N/A,N/A,N/A,N/A,N/A,N/A,N/A,N/A,N/A,N/A,N/A,N/A,N/A,N/A,N/A,N/A,N/A,N/A,N/A,N/A,N/A,N/A,N/A,N/A,N/A,true,false,249789,112
133,1068.220612100,false,false,A,RT->RT,00,01,31,01,01,N/A,8.5,0x0000,N/A,N/A,0x0000,N/A,N/A,N/A,N/A,N/A,N/A,N/A,N/A,N/A,N/A,N/A,N/A,N/A,N/A,N/A,N/A,N/A,N/A,N/A,N/A,N/A,N/A,N/A,N/A,N/A,N/A,N/A,N/A,N/A,N/A,N/A,true,false,14,85
134,1068.470486100,false,false,A,RT->RT,00,20,03,20,01,N/A,8.5,0x1800,8.5,0x0000,0x3477,N/A,N/A,N/A,N/A,N/A,N/A,N/A,N/A,N/A,N/A,N/A,N/A,N/A,N/A,N/A,N/A,N/A,N/A,N/A,N/A,N/A,N/A,N/A,N/A,N/A,N/A,N/A,N/A,N/A,N/A,N/A,true,false,249789,112
135,1068.470612100,false,false,A,RT->RT,00,01,31,01,01,N/A,8.5,0x0000,N/A,N/A,0x0000,N/A,N/A,N/A,N/A,N/A,N/A,N/A,N/A,N/A,N/A,N/A,N/A,N/A,N/A,N/A,N/A,N/A,N/A,N/A,N/A,N/A,N/A,N/A,N/A,N/A,N/A,N/A,N/A,N/A,N/A,N/A,true,false,14,85
136,1068.720486100,false,false,A,RT->RT,00,20,03,20,01,N/A,8.5,0x1800,8.5,0x0000,0x3477,N/A,N/A,N/A,N/A,N/A,N/A,N/A,N/A,N/A,N/A,N/A,N/A,N/A,N/A,N/A,N/A,N/A,N/A,N/A,N/A,N/A,N/A,N/A,N/A,N/A,N/A,N/A,N/A,N/A,N/A,N/A,true,false,249789,112
137,1068.720612100,false,false,A,RT->RT,00,01,31,01,01,N/A,8.5,0x0000,N/A,N/A,0x0000,N/A,N/A,N/A,N/A,N/A,N/A,N/A,N/A,N/A,N/A,N/A,N/A,N/A,N/A,N/A,N/A,N/A,N/A,N/A,N/A,N/A,N/A,N/A,N/A,N/A,N/A,N/A,N/A,N/A,N/A,N/A,true,false,14,85
138,1068.970486100,false,false,A,RT->RT,00,20,03,20,01,N/A,8.5,0x1800,8.5,0x0000,0x3477,N/A,N/A,N/A,N/A,N/A,N/A,N/A,N/A,N/A,N/A,N/A,N/A,N/A,N/A,N/A,N/A,N/A,N/A,N/A,N/A,N/A,N/A,N/A,N/A,N/A,N/A,N/A,N/A,N/A,N/A,N/A,true,false,249789,112
139,1068.970612100,false,false,A,RT->RT,00,01,31,01,01,N/A,8.5,0x0000,N/A,N/A,0x0000,N/A,N/A,N/A,N/A,N/A,N/A,N/A,N/A,N/A,N/A,N/A,N/A,N/A,N/A,N/A,N/A,N/A,N/A,N/A,N/A,N/A,N/A,N/A,N/A,N/A,N/A,N/A,N/A,N/A,N/A,N/A,true,false,14,85
140,1069.220486100,false,false,A,RT->RT,00,20,03,20,01,N/A,8.5,0x1800,8.5,0x0000,0x3477,N/A,N/A,N/A,N/A,N/A,N/A,N/A,N/A,N/A,N/A,N/A,N/A,N/A,N/A,N/A,N/A,N/A,N/A,N/A,N/A,N/A,N/A,N/A,N/A,N/A,N/A,N/A,N/A,N/A,N/A,N/A,true,false,249789,112
141,1069.220612100,false,false,A,RT->RT,00,01,31,01,01,N/A,8.5,0x0000,N/A,N/A,0x0000,N/A,N/A,N/A,N/A,N/A,N/A,N/A,N/A,N/A,N/A,N/A,N/A,N/A,N/A,N/A,N/A,N/A,N/A,N/A,N/A,N/A,N/A,N/A,N/A,N/A,N/A,N/A,N/A,N/A,N/A,N/A,true,false,14,85
142,1069.470486100,false,false,A,RT->RT,00,20,03,20,01,N/A,8.5,0x1800,8.5,0x0000,0x3477,N/A,N/A,N/A,N/A,N/A,N/A,N/A,N/A,N/A,N/A,N/A,N/A,N/A,N/A,N/A,N/A,N/A,N/A,N/A,N/A,N/A,N/A,N/A,N/A,N/A,N/A,N/A,N/A,N/A,N/A,N/A,true,false,249789,112
143,1069.470612100,false,false,A,RT->RT,00,01,31,01,01,N/A,8.5,0x0000,N/A,N/A,0x0000,N/A,N/A,N/A,N/A,N/A,N/A,N/A,N/A,N/A,N/A,N/A,N/A,N/A,N/A,N/A,N/A,N/A,N/A,N/A,N/A,N/A,N/A,N/A,N/A,N/A,N/A,N/A,N/A,N/A,N/A,N/A,true,false,14,85
144,1069.720486100,false,false,A,RT->RT,00,20,03,20,01,N/A,8.5,0x1800,8.5,0x0000,0x3477,N/A,N/A,N/A,N/A,N/A,N/A,N/A,N/A,N/A,N/A,N/A,N/A,N/A,N/A,N/A,N/A,N/A,N/A,N/A,N/A,N/A,N/A,N/A,N/A,N/A,N/A,N/A,N/A,N/A,N/A,N/A,true,false,249789,112
145,1069.720612100,false,false,A,RT->RT,00,01,31,01,01,N/A,8.5,0x0000,N/A,N/A,0x0000,N/A,N/A,N/A,N/A,N/A,N/A,N/A,N/A,N/A,N/A,N/A,N/A,N/A,N/A,N/A,N/A,N/A,N/A,N/A,N/A,N/A,N/A,N/A,N/A,N/A,N/A,N/A,N/A,N/A,N/A,N/A,true,false,14,85
146,1069.970486100,false,false,A,RT->RT,00,20,03,20,01,N/A,8.5,0x1800,8.5,0x0000,0x3477,N/A,N/A,N/A,N/A,N/A,N/A,N/A,N/A,N/A,N/A,N/A,N/A,N/A,N/A,N/A,N/A,N/A,N/A,N/A,N/A,N/A,N/A,N/A,N/A,N/A,N/A,N/A,N/A,N/A,N/A,N/A,true,false,249789,112
147,1069.970612100,false,false,A,RT->RT,00,01,31,01,01,N/A,8.5,0x0000,N/A,N/A,0x0000,N/A,N/A,N/A,N/A,N/A,N/A,N/A,N/A,N/A,N/A,N/A,N/A,N/A,N/A,N/A,N/A,N/A,N/A,N/A,N/A,N/A,N/A,N/A,N/A,N/A,N/A,N/A,N/A,N/A,N/A,N/A,true,false,14,85
148,1070.220486100,false,false,A,RT->RT,00,20,03,20,01,N/A,8.5,0x1800,8.5,0x0000,0x3477,N/A,N/A,N/A,N/A,N/A,N/A,N/A,N/A,N/A,N/A,N/A,N/A,N/A,N/A,N/A,N/A,N/A,N/A,N/A,N/A,N/A,N/A,N/A,N/A,N/A,N/A,N/A,N/A,N/A,N/A,N/A,true,false,249789,112
149,1070.220612100,false,false,A,RT->RT,00,01,31,01,01,N/A,8.5,0x0000,N/A,N/A,0x0000,N/A,N/A,N/A,N/A,N/A,N/A,N/A,N/A,N/A,N/A,N/A,N/A,N/A,N/A,N/A,N/A,N/A,N/A,N/A,N/A,N/A,N/A,N/A,N/A,N/A,N/A,N/A,N/A,N/A,N/A,N/A,true,false,14,85
150,1070.470486100,false,false,A,RT->RT,00,20,03,20,01,N/A,8.5,0x1800,8.5,0x0000,0x3477,N/A,N/A,N/A,N/A,N/A,N/A,N/A,N/A,N/A,N/A,N/A,N/A,N/A,N/A,N/A,N/A,N/A,N/A,N/A,N/A,N/A,N/A,N/A,N/A,N/A,N/A,N/A,N/A,N/A,N/A,N/A,true,false,249789,112
151,1070.470612100,false,false,A,RT->RT,00,01,31,01,01,N/A,8.5,0x0000,N/A,N/A,0x0000,N/A,N/A,N/A,N/A,N/A,N/A,N/A,N/A,N/A,N/A,N/A,N/A,N/A,N/A,N/A,N/A,N/A,N/A,N/A,N/A,N/A,N/A,N/A,N/A,N/A,N/A,N/A,N/A,N/A,N/A,N/A,true,false,14,85
152,1070.720486100,false,false,A,RT->RT,00,20,03,20,01,N/A,8.5,0x1800,8.5,0x0000,0x3477,N/A,N/A,N/A,N/A,N/A,N/A,N/A,N/A,N/A,N/A,N/A,N/A,N/A,N/A,N/A,N/A,N/A,N/A,N/A,N/A,N/A,N/A,N/A,N/A,N/A,N/A,N/A,N/A,N/A,N/A,N/A,true,false,249789,112
153,1070.720612100,false,false,A,RT->RT,00,01,31,01,01,N/A,8.5,0x0000,N/A,N/A,0x0000,N/A,N/A,N/A,N/A,N/A,N/A,N/A,N/A,N/A,N/A,N/A,N/A,N/A,N/A,N/A,N/A,N/A,N/A,N/A,N/A,N/A,N/A,N/A,N/A,N/A,N/A,N/A,N/A,N/A,N/A,N/A,true,false,14,85
154,1070.970486100,false,false,A,RT->RT,00,20,03,20,01,N/A,8.5,0x1800,8.5,0x0000,0x3477,N/A,N/A,N/A,N/A,N/A,N/A,N/A,N/A,N/A,N/A,N/A,N/A,N/A,N/A,N/A,N/A,N/A,N/A,N/A,N/A,N/A,N/A,N/A,N/A,N/A,N/A,N/A,N/A,N/A,N/A,N/A,true,false,249789,112
155,1070.970612100,false,false,A,RT->RT,00,01,31,01,01,N/A,8.5,0x0000,N/A,N/A,0x0000,N/A,N/A,N/A,N/A,N/A,N/A,N/A,N/A,N/A,N/A,N/A,N/A,N/A,N/A,N/A,N/A,N/A,N/A,N/A,N/A,N/A,N/A,N/A,N/A,N/A,N/A,N/A,N/A,N/A,N/A,N/A,true,false,14,85
156,1071.220486100,false,false,A,RT->RT,00,20,03,20,01,N/A,8.5,0x1800,8.5,0x0000,0x3477,N/A,N/A,N/A,N/A,N/A,N/A,N/A,N/A,N/A,N/A,N/A,N/A,N/A,N/A,N/A,N/A,N/A,N/A,N/A,N/A,N/A,N/A,N/A,N/A,N/A,N/A,N/A,N/A,N/A,N/A,N/A,true,false,249789,112
157,1071.220612100,false,false,A,RT->RT,00,01,31,01,01,N/A,8.5,0x0000,N/A,N/A,0x0000,N/A,N/A,N/A,N/A,N/A,N/A,N/A,N/A,N/A,N/A,N/A,N/A,N/A,N/A,N/A,N/A,N/A,N/A,N/A,N/A,N/A,N/A,N/A,N/A,N/A,N/A,N/A,N/A,N/A,N/A,N/A,true,false,14,85
158,1071.470486100,false,false,A,RT->RT,00,20,03,20,01,N/A,8.5,0x1800,8.5,0x0000,0x3477,N/A,N/A,N/A,N/A,N/A,N/A,N/A,N/A,N/A,N/A,N/A,N/A,N/A,N/A,N/A,N/A,N/A,N/A,N/A,N/A,N/A,N/A,N/A,N/A,N/A,N/A,N/A,N/A,N/A,N/A,N/A,true,false,249789,112
159,1071.470612100,false,false,A,RT->RT,00,01,31,01,01,N/A,8.5,0x0000,N/A,N/A,0x0000,N/A,N/A,N/A,N/A,N/A,N/A,N/A,N/A,N/A,N/A,N/A,N/A,N/A,N/A,N/A,N/A,N/A,N/A,N/A,N/A,N/A,N/A,N/A,N/A,N/A,N/A,N/A,N/A,N/A,N/A,N/A,true,false,14,85
160,1071.720486100,false,false,A,RT->RT,00,20,03,20,01,N/A,8.5,0x1800,8.5,0x0000,0x3477,N/A,N/A,N/A,N/A,N/A,N/A,N/A,N/A,N/A,N/A,N/A,N/A,N/A,N/A,N/A,N/A,N/A,N/A,N/A,N/A,N/A,N/A,N/A,N/A,N/A,N/A,N/A,N/A,N/A,N/A,N/A,true,false,249789,112
161,1071.720612100,false,false,A,RT->RT,00,01,31,01,01,N/A,8.5,0x0000,N/A,N/A,0x0000,N/A,N/A,N/A,N/A,N/A,N/A,N/A,N/A,N/A,N/A,N/A,N/A,N/A,N/A,N/A,N/A,N/A,N/A,N/A,N/A,N/A,N/A,N/A,N/A,N/A,N/A,N/A,N/A,N/A,N/A,N/A,true,false,14,85
162,1071.970486100,false,false,A,RT->RT,00,20,03,20,01,N/A,8.5,0x1800,8.5,0x0000,0x3477,N/A,N/A,N/A,N/A,N/A,N/A,N/A,N/A,N/A,N/A,N/A,N/A,N/A,N/A,N/A,N/A,N/A,N/A,N/A,N/A,N/A,N/A,N/A,N/A,N/A,N/A,N/A,N/A,N/A,N/A,N/A,true,false,249789,112
163,1071.970612100,false,false,A,RT->RT,00,01,31,01,01,N/A,8.5,0x0000,N/A,N/A,0x0000,N/A,N/A,N/A,N/A,N/A,N/A,N/A,N/A,N/A,N/A,N/A,N/A,N/A,N/A,N/A,N/A,N/A,N/A,N/A,N/A,N/A,N/A,N/A,N/A,N/A,N/A,N/A,N/A,N/A,N/A,N/A,true,false,14,85
164,1072.220486100,false,false,A,RT->RT,00,20,03,20,01,N/A,8.5,0x1800,8.5,0x0000,0x3477,N/A,N/A,N/A,N/A,N/A,N/A,N/A,N/A,N/A,N/A,N/A,N/A,N/A,N/A,N/A,N/A,N/A,N/A,N/A,N/A,N/A,N/A,N/A,N/A,N/A,N/A,N/A,N/A,N/A,N/A,N/A,true,false,249789,112
165,1072.220612100,false,false,A,RT->RT,00,01,31,01,01,N/A,8.5,0x0000,N/A,N/A,0x0000,N/A,N/A,N/A,N/A,N/A,N/A,N/A,N/A,N/A,N/A,N/A,N/A,N/A,N/A,N/A,N/A,N/A,N/A,N/A,N/A,N/A,N/A,N/A,N/A,N/A,N/A,N/A,N/A,N/A,N/A,N/A,true,false,14,85
166,1072.470486100,false,false,A,RT->RT,00,20,03,20,01,N/A,8.5,0x1800,8.5,0x0000,0x3477,N/A,N/A,N/A,N/A,N/A,N/A,N/A,N/A,N/A,N/A,N/A,N/A,N/A,N/A,N/A,N/A,N/A,N/A,N/A,N/A,N/A,N/A,N/A,N/A,N/A,N/A,N/A,N/A,N/A,N/A,N/A,true,false,249789,112
167,1072.470612100,false,false,A,RT->RT,00,01,31,01,01,N/A,8.5,0x0000,N/A,N/A,0x0000,N/A,N/A,N/A,N/A,N/A,N/A,N/A,N/A,N/A,N/A,N/A,N/A,N/A,N/A,N/A,N/A,N/A,N/A,N/A,N/A,N/A,N/A,N/A,N/A,N/A,N/A,N/A,N/A,N/A,N/A,N/A,true,false,14,85
168,1072.720486100,false,false,A,RT->RT,00,20,03,20,01,N/A,8.5,0x1800,8.5,0x0000,0x3477,N/A,N/A,N/A,N/A,N/A,N/A,N/A,N/A,N/A,N/A,N/A,N/A,N/A,N/A,N/A,N/A,N/A,N/A,N/A,N/A,N/A,N/A,N/A,N/A,N/A,N/A,N/A,N/A,N/A,N/A,N/A,true,false,249789,112
169,1072.720612100,false,false,A,RT->RT,00,01,31,01,01,N/A,8.5,0x0000,N/A,N/A,0x0000,N/A,N/A,N/A,N/A,N/A,N/A,N/A,N/A,N/A,N/A,N/A,N/A,N/A,N/A,N/A,N/A,N/A,N/A,N/A,N/A,N/A,N/A,N/A,N/A,N/A,N/A,N/A,N/A,N/A,N/A,N/A,true,false,14,85
170,1072.970486100,false,false,A,RT->RT,00,20,03,20,01,N/A,8.5,0x1800,8.5,0x0000,0x3477,N/A,N/A,N/A,N/A,N/A,N/A,N/A,N/A,N/A,N/A,N/A,N/A,N/A,N/A,N/A,N/A,N/A,N/A,N/A,N/A,N/A,N/A,N/A,N/A,N/A,N/A,N/A,N/A,N/A,N/A,N/A,true,false,249789,112
171,1072.970612100,false,false,A,RT->RT,00,01,31,01,01,N/A,8.5,0x0000,N/A,N/A,0x0000,N/A,N/A,N/A,N/A,N/A,N/A,N/A,N/A,N/A,N/A,N/A,N/A,N/A,N/A,N/A,N/A,N/A,N/A,N/A,N/A,N/A,N/A,N/A,N/A,N/A,N/A,N/A,N/A,N/A,N/A,N/A,true,false,14,85
172,1073.220486100,false,false,A,RT->RT,00,20,03,20,01,N/A,8.5,0x1800,8.5,0x0000,0x3477,N/A,N/A,N/A,N/A,N/A,N/A,N/A,N/A,N/A,N/A,N/A,N/A,N/A,N/A,N/A,N/A,N/A,N/A,N/A,N/A,N/A,N/A,N/A,N/A,N/A,N/A,N/A,N/A,N/A,N/A,N/A,true,false,249789,112
173,1073.220612100,false,false,A,RT->RT,00,01,31,01,01,N/A,8.5,0x0000,N/A,N/A,0x0000,N/A,N/A,N/A,N/A,N/A,N/A,N/A,N/A,N/A,N/A,N/A,N/A,N/A,N/A,N/A,N/A,N/A,N/A,N/A,N/A,N/A,N/A,N/A,N/A,N/A,N/A,N/A,N/A,N/A,N/A,N/A,true,false,14,85
174,1073.470486100,false,false,A,RT->RT,00,20,03,20,01,N/A,8.5,0x1800,8.5,0x0000,0x3477,N/A,N/A,N/A,N/A,N/A,N/A,N/A,N/A,N/A,N/A,N/A,N/A,N/A,N/A,N/A,N/A,N/A,N/A,N/A,N/A,N/A,N/A,N/A,N/A,N/A,N/A,N/A,N/A,N/A,N/A,N/A,true,false,249789,112
175,1073.470612100,false,false,A,RT->RT,00,01,31,01,01,N/A,8.5,0x0000,N/A,N/A,0x0000,N/A,N/A,N/A,N/A,N/A,N/A,N/A,N/A,N/A,N/A,N/A,N/A,N/A,N/A,N/A,N/A,N/A,N/A,N/A,N/A,N/A,N/A,N/A,N/A,N/A,N/A,N/A,N/A,N/A,N/A,N/A,true,false,14,85
176,1073.720486100,false,false,A,RT->RT,00,20,03,20,01,N/A,8.5,0x1800,8.5,0x0000,0x3477,N/A,N/A,N/A,N/A,N/A,N/A,N/A,N/A,N/A,N/A,N/A,N/A,N/A,N/A,N/A,N/A,N/A,N/A,N/A,N/A,N/A,N/A,N/A,N/A,N/A,N/A,N/A,N/A,N/A,N/A,N/A,true,false,249789,112
177,1073.720612100,false,false,A,RT->RT,00,01,31,01,01,N/A,8.5,0x0000,N/A,N/A,0x0000,N/A,N/A,N/A,N/A,N/A,N/A,N/A,N/A,N/A,N/A,N/A,N/A,N/A,N/A,N/A,N/A,N/A,N/A,N/A,N/A,N/A,N/A,N/A,N/A,N/A,N/A,N/A,N/A,N/A,N/A,N/A,true,false,14,85
178,1073.970486100,false,false,A,RT->RT,00,20,03,20,01,N/A,8.5,0x1800,8.5,0x0000,0x3477,N/A,N/A,N/A,N/A,N/A,N/A,N/A,N/A,N/A,N/A,N/A,N/A,N/A,N/A,N/A,N/A,N/A,N/A,N/A,N/A,N/A,N/A,N/A,N/A,N/A,N/A,N/A,N/A,N/A,N/A,N/A,true,false,249789,112
179,1073.970612100,false,false,A,RT->RT,00,01,31,01,01,N/A,8.5,0x0000,N/A,N/A,0x0000,N/A,N/A,N/A,N/A,N/A,N/A,N/A,N/A,N/A,N/A,N/A,N/A,N/A,N/A,N/A,N/A,N/A,N/A,N/A,N/A,N/A,N/A,N/A,N/A,N/A,N/A,N/A,N/A,N/A,N/A,N/A,true,false,14,85
180,1074.220486100,false,false,A,RT->RT,00,20,03,20,01,N/A,8.5,0x1800,8.5,0x0000,0x3477,N/A,N/A,N/A,N/A,N/A,N/A,N/A,N/A,N/A,N/A,N/A,N/A,N/A,N/A,N/A,N/A,N/A,N/A,N/A,N/A,N/A,N/A,N/A,N/A,N/A,N/A,N/A,N/A,N/A,N/A,N/A,true,false,249789,112
181,1074.220612100,false,false,A,RT->RT,00,01,31,01,01,N/A,8.5,0x0000,N/A,N/A,0x0000,N/A,N/A,N/A,N/A,N/A,N/A,N/A,N/A,N/A,N/A,N/A,N/A,N/A,N/A,N/A,N/A,N/A,N/A,N/A,N/A,N/A,N/A,N/A,N/A,N/A,N/A,N/A,N/A,N/A,N/A,N/A,true,false,14,85
182,1074.470486100,false,false,A,RT->RT,00,20,03,20,01,N/A,8.5,0x1800,8.5,0x0000,0x3477,N/A,N/A,N/A,N/A,N/A,N/A,N/A,N/A,N/A,N/A,N/A,N/A,N/A,N/A,N/A,N/A,N/A,N/A,N/A,N/A,N/A,N/A,N/A,N/A,N/A,N/A,N/A,N/A,N/A,N/A,N/A,true,false,249789,112
183,1074.470612100,false,false,A,RT->RT,00,01,31,01,01,N/A,8.5,0x0000,N/A,N/A,0x0000,N/A,N/A,N/A,N/A,N/A,N/A,N/A,N/A,N/A,N/A,N/A,N/A,N/A,N/A,N/A,N/A,N/A,N/A,N/A,N/A,N/A,N/A,N/A,N/A,N/A,N/A,N/A,N/A,N/A,N/A,N/A,true,false,14,85
184,1074.720486100,false,false,A,RT->RT,00,20,03,20,01,N/A,8.5,0x1800,8.5,0x0000,0x3477,N/A,N/A,N/A,N/A,N/A,N/A,N/A,N/A,N/A,N/A,N/A,N/A,N/A,N/A,N/A,N/A,N/A,N/A,N/A,N/A,N/A,N/A,N/A,N/A,N/A,N/A,N/A,N/A,N/A,N/A,N/A,true,false,249789,112
185,1074.720612100,false,false,A,RT->RT,00,01,31,01,01,N/A,8.5,0x0000,N/A,N/A,0x0000,N/A,N/A,N/A,N/A,N/A,N/A,N/A,N/A,N/A,N/A,N/A,N/A,N/A,N/A,N/A,N/A,N/A,N/A,N/A,N/A,N/A,N/A,N/A,N/A,N/A,N/A,N/A,N/A,N/A,N/A,N/A,true,false,14,85
186,1074.970486100,false,false,A,RT->RT,00,20,03,20,01,N/A,8.5,0x1800,8.5,0x0000,0x3477,N/A,N/A,N/A,N/A,N/A,N/A,N/A,N/A,N/A,N/A,N/A,N/A,N/A,N/A,N/A,N/A,N/A,N/A,N/A,N/A,N/A,N/A,N/A,N/A,N/A,N/A,N/A,N/A,N/A,N/A,N/A,true,false,249789,112
187,1074.970612100,false,false,A,RT->RT,00,01,31,01,01,N/A,8.5,0x0000,N/A,N/A,0x0000,N/A,N/A,N/A,N/A,N/A,N/A,N/A,N/A,N/A,N/A,N/A,N/A,N/A,N/A,N/A,N/A,N/A,N/A,N/A,N/A,N/A,N/A,N/A,N/A,N/A,N/A,N/A,N/A,N/A,N/A,N/A,true,false,14,85
188,1075.220486100,false,false,A,RT->RT,00,20,03,20,01,N/A,8.5,0x1800,8.5,0x0000,0x3477,N/A,N/A,N/A,N/A,N/A,N/A,N/A,N/A,N/A,N/A,N/A,N/A,N/A,N/A,N/A,N/A,N/A,N/A,N/A,N/A,N/A,N/A,N/A,N/A,N/A,N/A,N/A,N/A,N/A,N/A,N/A,true,false,249789,112
189,1075.220612100,false,false,A,RT->RT,00,01,31,01,01,N/A,8.5,0x0000,N/A,N/A,0x0000,N/A,N/A,N/A,N/A,N/A,N/A,N/A,N/A,N/A,N/A,N/A,N/A,N/A,N/A,N/A,N/A,N/A,N/A,N/A,N/A,N/A,N/A,N/A,N/A,N/A,N/A,N/A,N/A,N/A,N/A,N/A,true,false,14,85
190,1075.470486100,false,false,A,RT->RT,00,20,03,20,01,N/A,8.5,0x1800,8.5,0x0000,0x3477,N/A,N/A,N/A,N/A,N/A,N/A,N/A,N/A,N/A,N/A,N/A,N/A,N/A,N/A,N/A,N/A,N/A,N/A,N/A,N/A,N/A,N/A,N/A,N/A,N/A,N/A,N/A,N/A,N/A,N/A,N/A,true,false,249789,112
191,1075.470612100,false,false,A,RT->RT,00,01,31,01,01,N/A,8.5,0x0000,N/A,N/A,0x0000,N/A,N/A,N/A,N/A,N/A,N/A,N/A,N/A,N/A,N/A,N/A,N/A,N/A,N/A,N/A,N/A,N/A,N/A,N/A,N/A,N/A,N/A,N/A,N/A,N/A,N/A,N/A,N/A,N/A,N/A,N/A,true,false,14,85
192,1075.720486100,false,false,A,RT->RT,00,20,03,20,01,N/A,8.5,0x1800,8.5,0x0000,0x3477,N/A,N/A,N/A,N/A,N/A,N/A,N/A,N/A,N/A,N/A,N/A,N/A,N/A,N/A,N/A,N/A,N/A,N/A,N/A,N/A,N/A,N/A,N/A,N/A,N/A,N/A,N/A,N/A,N/A,N/A,N/A,true,false,249789,112
193,1075.720612100,false,false,A,RT->RT,00,01,31,01,01,N/A,8.5,0x0000,N/A,N/A,0x0000,N/A,N/A,N/A,N/A,N/A,N/A,N/A,N/A,N/A,N/A,N/A,N/A,N/A,N/A,N/A,N/A,N/A,N/A,N/A,N/A,N/A,N/A,N/A,N/A,N/A,N/A,N/A,N/A,N/A,N/A,N/A,true,false,14,85
194,1075.970486100,false,false,A,RT->RT,00,20,03,20,01,N/A,8.5,0x1800,8.5,0x0000,0x3477,N/A,N/A,N/A,N/A,N/A,N/A,N/A,N/A,N/A,N/A,N/A,N/A,N/A,N/A,N/A,N/A,N/A,N/A,N/A,N/A,N/A,N/A,N/A,N/A,N/A,N/A,N/A,N/A,N/A,N/A,N/A,true,false,249789,112
195,1075.970612100,false,false,A,RT->RT,00,01,31,01,01,N/A,8.5,0x0000,N/A,N/A,0x0000,N/A,N/A,N/A,N/A,N/A,N/A,N/A,N/A,N/A,N/A,N/A,N/A,N/A,N/A,N/A,N/A,N/A,N/A,N/A,N/A,N/A,N/A,N/A,N/A,N/A,N/A,N/A,N/A,N/A,N/A,N/A,true,false,14,85
196,1076.220486100,false,false,A,RT->RT,00,20,03,20,01,N/A,8.5,0x1800,8.5,0x0000,0x3477,N/A,N/A,N/A,N/A,N/A,N/A,N/A,N/A,N/A,N/A,N/A,N/A,N/A,N/A,N/A,N/A,N/A,N/A,N/A,N/A,N/A,N/A,N/A,N/A,N/A,N/A,N/A,N/A,N/A,N/A,N/A,true,false,249789,112
197,1076.220612100,false,false,A,RT->RT,00,01,31,01,01,N/A,8.5,0x0000,N/A,N/A,0x0000,N/A,N/A,N/A,N/A,N/A,N/A,N/A,N/A,N/A,N/A,N/A,N/A,N/A,N/A,N/A,N/A,N/A,N/A,N/A,N/A,N/A,N/A,N/A,N/A,N/A,N/A,N/A,N/A,N/A,N/A,N/A,true,false,14,85
198,1076.470486100,false,false,A,RT->RT,00,20,03,20,01,N/A,8.5,0x1800,8.5,0x0000,0x3477,N/A,N/A,N/A,N/A,N/A,N/A,N/A,N/A,N/A,N/A,N/A,N/A,N/A,N/A,N/A,N/A,N/A,N/A,N/A,N/A,N/A,N/A,N/A,N/A,N/A,N/A,N/A,N/A,N/A,N/A,N/A,true,false,249789,112
199,1076.470612100,false,false,A,RT->RT,00,01,31,01,01,N/A,8.5,0x0000,N/A,N/A,0x0000,N/A,N/A,N/A,N/A,N/A,N/A,N/A,N/A,N/A,N/A,N/A,N/A,N/A,N/A,N/A,N/A,N/A,N/A,N/A,N/A,N/A,N/A,N/A,N/A,N/A,N/A,N/A,N/A,N/A,N/A,N/A,true,false,14,85
200,1076.720486100,false,false,A,RT->RT,00,20,03,20,01,N/A,8.5,0x1800,8.5,0x0000,0x3477,N/A,N/A,N/A,N/A,N/A,N/A,N/A,N/A,N/A,N/A,N/A,N/A,N/A,N/A,N/A,N/A,N/A,N/A,N/A,N/A,N/A,N/A,N/A,N/A,N/A,N/A,N/A,N/A,N/A,N/A,N/A,true,false,249789,112
201,1076.720612100,false,false,A,RT->RT,00,01,31,01,01,N/A,8.5,0x0000,N/A,N/A,0x0000,N/A,N/A,N/A,N/A,N/A,N/A,N/A,N/A,N/A,N/A,N/A,N/A,N/A,N/A,N/A,N/A,N/A,N/A,N/A,N/A,N/A,N/A,N/A,N/A,N/A,N/A,N/A,N/A,N/A,N/A,N/A,true,false,14,85
202,1076.970486100,false,false,A,RT->RT,00,20,03,20,01,N/A,8.5,0x1800,8.5,0x0000,0x3477,N/A,N/A,N/A,N/A,N/A,N/A,N/A,N/A,N/A,N/A,N/A,N/A,N/A,N/A,N/A,N/A,N/A,N/A,N/A,N/A,N/A,N/A,N/A,N/A,N/A,N/A,N/A,N/A,N/A,N/A,N/A,true,false,249789,112
203,1076.970612100,false,false,A,RT->RT,00,01,31,01,01,N/A,8.5,0x0000,N/A,N/A,0x0000,N/A,N/A,N/A,N/A,N/A,N/A,N/A,N/A,N/A,N/A,N/A,N/A,N/A,N/A,N/A,N/A,N/A,N/A,N/A,N/A,N/A,N/A,N/A,N/A,N/A,N/A,N/A,N/A,N/A,N/A,N/A,true,false,14,85
204,1077.220486100,false,false,A,RT->RT,00,20,03,20,01,N/A,8.5,0x1800,8.5,0x0000,0x3477,N/A,N/A,N/A,N/A,N/A,N/A,N/A,N/A,N/A,N/A,N/A,N/A,N/A,N/A,N/A,N/A,N/A,N/A,N/A,N/A,N/A,N/A,N/A,N/A,N/A,N/A,N/A,N/A,N/A,N/A,N/A,true,false,249789,112
205,1077.220612100,false,false,A,RT->RT,00,01,31,01,01,N/A,8.5,0x0000,N/A,N/A,0x0000,N/A,N/A,N/A,N/A,N/A,N/A,N/A,N/A,N/A,N/A,N/A,N/A,N/A,N/A,N/A,N/A,N/A,N/A,N/A,N/A,N/A,N/A,N/A,N/A,N/A,N/A,N/A,N/A,N/A,N/A,N/A,true,false,14,85
206,1077.470486100,false,false,A,RT->RT,00,20,03,20,01,N/A,8.5,0x1800,8.5,0x0000,0x3477,N/A,N/A,N/A,N/A,N/A,N/A,N/A,N/A,N/A,N/A,N/A,N/A,N/A,N/A,N/A,N/A,N/A,N/A,N/A,N/A,N/A,N/A,N/A,N/A,N/A,N/A,N/A,N/A,N/A,N/A,N/A,true,false,249789,112
207,1077.470612100,false,false,A,RT->RT,00,01,31,01,01,N/A,8.5,0x0000,N/A,N/A,0x0000,N/A,N/A,N/A,N/A,N/A,N/A,N/A,N/A,N/A,N/A,N/A,N/A,N/A,N/A,N/A,N/A,N/A,N/A,N/A,N/A,N/A,N/A,N/A,N/A,N/A,N/A,N/A,N/A,N/A,N/A,N/A,true,false,14,85
208,1077.720486100,false,false,A,RT->RT,00,20,03,20,01,N/A,8.5,0x1800,8.5,0x0000,0x3477,N/A,N/A,N/A,N/A,N/A,N/A,N/A,N/A,N/A,N/A,N/A,N/A,N/A,N/A,N/A,N/A,N/A,N/A,N/A,N/A,N/A,N/A,N/A,N/A,N/A,N/A,N/A,N/A,N/A,N/A,N/A,true,false,249789,112
209,1077.720612100,false,false,A,RT->RT,00,01,31,01,01,N/A,8.5,0x0000,N/A,N/A,0x0000,N/A,N/A,N/A,N/A,N/A,N/A,N/A,N/A,N/A,N/A,N/A,N/A,N/A,N/A,N/A,N/A,N/A,N/A,N/A,N/A,N/A,N/A,N/A,N/A,N/A,N/A,N/A,N/A,N/A,N/A,N/A,true,false,14,85
210,1077.970486100,false,false,A,RT->RT,00,20,03,20,01,N/A,8.5,0x1800,8.5,0x0000,0x3477,N/A,N/A,N/A,N/A,N/A,N/A,N/A,N/A,N/A,N/A,N/A,N/A,N/A,N/A,N/A,N/A,N/A,N/A,N/A,N/A,N/A,N/A,N/A,N/A,N/A,N/A,N/A,N/A,N/A,N/A,N/A,true,false,249789,112
211,1077.970612100,false,false,A,RT->RT,00,01,31,01,01,N/A,8.5,0x0000,N/A,N/A,0x0000,N/A,N/A,N/A,N/A,N/A,N/A,N/A,N/A,N/A,N/A,N/A,N/A,N/A,N/A,N/A,N/A,N/A,N/A,N/A,N/A,N/A,N/A,N/A,N/A,N/A,N/A,N/A,N/A,N/A,N/A,N/A,true,false,14,85
212,1078.220486100,false,false,A,RT->RT,00,20,03,20,01,N/A,8.5,0x1800,8.5,0x0000,0x3477,N/A,N/A,N/A,N/A,N/A,N/A,N/A,N/A,N/A,N/A,N/A,N/A,N/A,N/A,N/A,N/A,N/A,N/A,N/A,N/A,N/A,N/A,N/A,N/A,N/A,N/A,N/A,N/A,N/A,N/A,N/A,true,false,249789,112
213,1078.220612100,false,false,A,RT->RT,00,01,31,01,01,N/A,8.5,0x0000,N/A,N/A,0x0000,N/A,N/A,N/A,N/A,N/A,N/A,N/A,N/A,N/A,N/A,N/A,N/A,N/A,N/A,N/A,N/A,N/A,N/A,N/A,N/A,N/A,N/A,N/A,N/A,N/A,N/A,N/A,N/A,N/A,N/A,N/A,true,false,14,85
214,1078.470486100,false,false,A,RT->RT,00,20,03,20,01,N/A,8.5,0x1800,8.5,0x0000,0x3477,N/A,N/A,N/A,N/A,N/A,N/A,N/A,N/A,N/A,N/A,N/A,N/A,N/A,N/A,N/A,N/A,N/A,N/A,N/A,N/A,N/A,N/A,N/A,N/A,N/A,N/A,N/A,N/A,N/A,N/A,N/A,true,false,249789,112
215,1078.470612100,false,false,A,RT->RT,00,01,31,01,01,N/A,8.5,0x0000,N/A,N/A,0x0000,N/A,N/A,N/A,N/A,N/A,N/A,N/A,N/A,N/A,N/A,N/A,N/A,N/A,N/A,N/A,N/A,N/A,N/A,N/A,N/A,N/A,N/A,N/A,N/A,N/A,N/A,N/A,N/A,N/A,N/A,N/A,true,false,14,85
216,1078.720486100,false,false,A,RT->RT,00,20,03,20,01,N/A,8.5,0x1800,8.5,0x0000,0x3477,N/A,N/A,N/A,N/A,N/A,N/A,N/A,N/A,N/A,N/A,N/A,N/A,N/A,N/A,N/A,N/A,N/A,N/A,N/A,N/A,N/A,N/A,N/A,N/A,N/A,N/A,N/A,N/A,N/A,N/A,N/A,true,false,249789,112
217,1078.720612100,false,false,A,RT->RT,00,01,31,01,01,N/A,8.5,0x0000,N/A,N/A,0x0000,N/A,N/A,N/A,N/A,N/A,N/A,N/A,N/A,N/A,N/A,N/A,N/A,N/A,N/A,N/A,N/A,N/A,N/A,N/A,N/A,N/A,N/A,N/A,N/A,N/A,N/A,N/A,N/A,N/A,N/A,N/A,true,false,14,85
218,1078.970486100,false,false,A,RT->RT,00,20,03,20,01,N/A,8.5,0x1800,8.5,0x0000,0x3477,N/A,N/A,N/A,N/A,N/A,N/A,N/A,N/A,N/A,N/A,N/A,N/A,N/A,N/A,N/A,N/A,N/A,N/A,N/A,N/A,N/A,N/A,N/A,N/A,N/A,N/A,N/A,N/A,N/A,N/A,N/A,true,false,249789,112
219,1078.970612100,false,false,A,RT->RT,00,01,31,01,01,N/A,8.5,0x0000,N/A,N/A,0x0000,N/A,N/A,N/A,N/A,N/A,N/A,N/A,N/A,N/A,N/A,N/A,N/A,N/A,N/A,N/A,N/A,N/A,N/A,N/A,N/A,N/A,N/A,N/A,N/A,N/A,N/A,N/A,N/A,N/A,N/A,N/A,true,false,14,85
220,1079.220486100,false,false,A,RT->RT,00,20,03,20,01,N/A,8.5,0x1800,8.5,0x0000,0x3477,N/A,N/A,N/A,N/A,N/A,N/A,N/A,N/A,N/A,N/A,N/A,N/A,N/A,N/A,N/A,N/A,N/A,N/A,N/A,N/A,N/A,N/A,N/A,N/A,N/A,N/A,N/A,N/A,N/A,N/A,N/A,true,false,249789,112
221,1079.220612100,false,false,A,RT->RT,00,01,31,01,01,N/A,8.5,0x0000,N/A,N/A,0x0000,N/A,N/A,N/A,N/A,N/A,N/A,N/A,N/A,N/A,N/A,N/A,N/A,N/A,N/A,N/A,N/A,N/A,N/A,N/A,N/A,N/A,N/A,N/A,N/A,N/A,N/A,N/A,N/A,N/A,N/A,N/A,true,false,14,85
222,1079.470486100,false,false,A,RT->RT,00,20,03,20,01,N/A,8.5,0x1800,8.5,0x0000,0x3477,N/A,N/A,N/A,N/A,N/A,N/A,N/A,N/A,N/A,N/A,N/A,N/A,N/A,N/A,N/A,N/A,N/A,N/A,N/A,N/A,N/A,N/A,N/A,N/A,N/A,N/A,N/A,N/A,N/A,N/A,N/A,true,false,249789,112
223,1079.470612100,false,false,A,RT->RT,00,01,31,01,01,N/A,8.5,0x0000,N/A,N/A,0x0000,N/A,N/A,N/A,N/A,N/A,N/A,N/A,N/A,N/A,N/A,N/A,N/A,N/A,N/A,N/A,N/A,N/A,N/A,N/A,N/A,N/A,N/A,N/A,N/A,N/A,N/A,N/A,N/A,N/A,N/A,N/A,true,false,14,85
224,1079.720486100,false,false,A,RT->RT,00,20,03,20,01,N/A,8.5,0x1800,8.5,0x0000,0x3477,N/A,N/A,N/A,N/A,N/A,N/A,N/A,N/A,N/A,N/A,N/A,N/A,N/A,N/A,N/A,N/A,N/A,N/A,N/A,N/A,N/A,N/A,N/A,N/A,N/A,N/A,N/A,N/A,N/A,N/A,N/A,true,false,249789,112
225,1079.720612100,false,false,A,RT->RT,00,01,31,01,01,N/A,8.5,0x0000,N/A,N/A,0x0000,N/A,N/A,N/A,N/A,N/A,N/A,N/A,N/A,N/A,N/A,N/A,N/A,N/A,N/A,N/A,N/A,N/A,N/A,N/A,N/A,N/A,N/A,N/A,N/A,N/A,N/A,N/A,N/A,N/A,N/A,N/A,true,false,14,85
226,1079.970486100,false,false,A,RT->RT,00,20,03,20,01,N/A,8.5,0x1800,8.5,0x0000,0x3477,N/A,N/A,N/A,N/A,N/A,N/A,N/A,N/A,N/A,N/A,N/A,N/A,N/A,N/A,N/A,N/A,N/A,N/A,N/A,N/A,N/A,N/A,N/A,N/A,N/A,N/A,N/A,N/A,N/A,N/A,N/A,true,false,249789,112
227,1079.970612100,false,false,A,RT->RT,00,01,31,01,01,N/A,8.5,0x0000,N/A,N/A,0x0000,N/A,N/A,N/A,N/A,N/A,N/A,N/A,N/A,N/A,N/A,N/A,N/A,N/A,N/A,N/A,N/A,N/A,N/A,N/A,N/A,N/A,N/A,N/A,N/A,N/A,N/A,N/A,N/A,N/A,N/A,N/A,true,false,14,85
228,1080.220486100,false,false,A,RT->RT,00,20,03,20,01,N/A,8.5,0x1800,8.5,0x0000,0x3477,N/A,N/A,N/A,N/A,N/A,N/A,N/A,N/A,N/A,N/A,N/A,N/A,N/A,N/A,N/A,N/A,N/A,N/A,N/A,N/A,N/A,N/A,N/A,N/A,N/A,N/A,N/A,N/A,N/A,N/A,N/A,true,false,249789,112
229,1080.220612100,false,false,A,RT->RT,00,01,31,01,01,N/A,8.5,0x0000,N/A,N/A,0x0000,N/A,N/A,N/A,N/A,N/A,N/A,N/A,N/A,N/A,N/A,N/A,N/A,N/A,N/A,N/A,N/A,N/A,N/A,N/A,N/A,N/A,N/A,N/A,N/A,N/A,N/A,N/A,N/A,N/A,N/A,N/A,true,false,14,85
230,1080.470486100,false,false,A,RT->RT,00,20,03,20,01,N/A,8.5,0x1800,8.5,0x0000,0x3477,N/A,N/A,N/A,N/A,N/A,N/A,N/A,N/A,N/A,N/A,N/A,N/A,N/A,N/A,N/A,N/A,N/A,N/A,N/A,N/A,N/A,N/A,N/A,N/A,N/A,N/A,N/A,N/A,N/A,N/A,N/A,true,false,249789,112
231,1080.470612100,false,false,A,RT->RT,00,01,31,01,01,N/A,8.5,0x0000,N/A,N/A,0x0000,N/A,N/A,N/A,N/A,N/A,N/A,N/A,N/A,N/A,N/A,N/A,N/A,N/A,N/A,N/A,N/A,N/A,N/A,N/A,N/A,N/A,N/A,N/A,N/A,N/A,N/A,N/A,N/A,N/A,N/A,N/A,true,false,14,85
232,1080.720486100,false,false,A,RT->RT,00,20,03,20,01,N/A,8.5,0x1800,8.5,0x0000,0x3477,N/A,N/A,N/A,N/A,N/A,N/A,N/A,N/A,N/A,N/A,N/A,N/A,N/A,N/A,N/A,N/A,N/A,N/A,N/A,N/A,N/A,N/A,N/A,N/A,N/A,N/A,N/A,N/A,N/A,N/A,N/A,true,false,249789,112
233,1080.720612100,false,false,A,RT->RT,00,01,31,01,01,N/A,8.5,0x0000,N/A,N/A,0x0000,N/A,N/A,N/A,N/A,N/A,N/A,N/A,N/A,N/A,N/A,N/A,N/A,N/A,N/A,N/A,N/A,N/A,N/A,N/A,N/A,N/A,N/A,N/A,N/A,N/A,N/A,N/A,N/A,N/A,N/A,N/A,true,false,14,85
234,1080.970486100,false,false,A,RT->RT,00,20,03,20,01,N/A,8.5,0x1800,8.5,0x0000,0x3477,N/A,N/A,N/A,N/A,N/A,N/A,N/A,N/A,N/A,N/A,N/A,N/A,N/A,N/A,N/A,N/A,N/A,N/A,N/A,N/A,N/A,N/A,N/A,N/A,N/A,N/A,N/A,N/A,N/A,N/A,N/A,true,false,249789,112
235,1080.970612100,false,false,A,RT->RT,00,01,31,01,01,N/A,8.5,0x0000,N/A,N/A,0x0000,N/A,N/A,N/A,N/A,N/A,N/A,N/A,N/A,N/A,N/A,N/A,N/A,N/A,N/A,N/A,N/A,N/A,N/A,N/A,N/A,N/A,N/A,N/A,N/A,N/A,N/A,N/A,N/A,N/A,N/A,N/A,true,false,14,85
236,1081.220486100,false,false,A,RT->RT,00,20,03,20,01,N/A,8.5,0x1800,8.5,0x0000,0x3477,N/A,N/A,N/A,N/A,N/A,N/A,N/A,N/A,N/A,N/A,N/A,N/A,N/A,N/A,N/A,N/A,N/A,N/A,N/A,N/A,N/A,N/A,N/A,N/A,N/A,N/A,N/A,N/A,N/A,N/A,N/A,true,false,249789,112
237,1081.220612100,false,false,A,RT->RT,00,01,31,01,01,N/A,8.5,0x0000,N/A,N/A,0x0000,N/A,N/A,N/A,N/A,N/A,N/A,N/A,N/A,N/A,N/A,N/A,N/A,N/A,N/A,N/A,N/A,N/A,N/A,N/A,N/A,N/A,N/A,N/A,N/A,N/A,N/A,N/A,N/A,N/A,N/A,N/A,true,false,14,85
238,1081.470486100,false,false,A,RT->RT,00,20,03,20,01,N/A,8.5,0x1800,8.5,0x0000,0x3477,N/A,N/A,N/A,N/A,N/A,N/A,N/A,N/A,N/A,N/A,N/A,N/A,N/A,N/A,N/A,N/A,N/A,N/A,N/A,N/A,N/A,N/A,N/A,N/A,N/A,N/A,N/A,N/A,N/A,N/A,N/A,true,false,249789,112
239,1081.470612100,false,false,A,RT->RT,00,01,31,01,01,N/A,8.5,0x0000,N/A,N/A,0x0000,N/A,N/A,N/A,N/A,N/A,N/A,N/A,N/A,N/A,N/A,N/A,N/A,N/A,N/A,N/A,N/A,N/A,N/A,N/A,N/A,N/A,N/A,N/A,N/A,N/A,N/A,N/A,N/A,N/A,N/A,N/A,true,false,14,85
240,1081.720486100,false,false,A,RT->RT,00,20,03,20,01,N/A,8.5,0x1800,8.5,0x0000,0x3477,N/A,N/A,N/A,N/A,N/A,N/A,N/A,N/A,N/A,N/A,N/A,N/A,N/A,N/A,N/A,N/A,N/A,N/A,N/A,N/A,N/A,N/A,N/A,N/A,N/A,N/A,N/A,N/A,N/A,N/A,N/A,true,false,249789,112
241,1081.720612100,false,false,A,RT->RT,00,01,31,01,01,N/A,8.5,0x0000,N/A,N/A,0x0000,N/A,N/A,N/A,N/A,N/A,N/A,N/A,N/A,N/A,N/A,N/A,N/A,N/A,N/A,N/A,N/A,N/A,N/A,N/A,N/A,N/A,N/A,N/A,N/A,N/A,N/A,N/A,N/A,N/A,N/A,N/A,true,false,14,85
242,1081.970486100,false,false,A,RT->RT,00,20,03,20,01,N/A,8.5,0x1800,8.5,0x0000,0x3477,N/A,N/A,N/A,N/A,N/A,N/A,N/A,N/A,N/A,N/A,N/A,N/A,N/A,N/A,N/A,N/A,N/A,N/A,N/A,N/A,N/A,N/A,N/A,N/A,N/A,N/A,N/A,N/A,N/A,N/A,N/A,true,false,249789,112
243,1081.970612100,false,false,A,RT->RT,00,01,31,01,01,N/A,8.5,0x0000,N/A,N/A,0x0000,N/A,N/A,N/A,N/A,N/A,N/A,N/A,N/A,N/A,N/A,N/A,N/A,N/A,N/A,N/A,N/A,N/A,N/A,N/A,N/A,N/A,N/A,N/A,N/A,N/A,N/A,N/A,N/A,N/A,N/A,N/A,true,false,14,85
244,1082.220486100,false,false,A,RT->RT,00,20,03,20,01,N/A,8.5,0x1800,8.5,0x0000,0x3477,N/A,N/A,N/A,N/A,N/A,N/A,N/A,N/A,N/A,N/A,N/A,N/A,N/A,N/A,N/A,N/A,N/A,N/A,N/A,N/A,N/A,N/A,N/A,N/A,N/A,N/A,N/A,N/A,N/A,N/A,N/A,true,false,249789,112
245,1082.220612100,false,false,A,RT->RT,00,01,31,01,01,N/A,8.5,0x0000,N/A,N/A,0x0000,N/A,N/A,N/A,N/A,N/A,N/A,N/A,N/A,N/A,N/A,N/A,N/A,N/A,N/A,N/A,N/A,N/A,N/A,N/A,N/A,N/A,N/A,N/A,N/A,N/A,N/A,N/A,N/A,N/A,N/A,N/A,true,false,14,85
246,1082.470486100,false,false,A,RT->RT,00,20,03,20,01,N/A,8.5,0x1800,8.5,0x0000,0x3477,N/A,N/A,N/A,N/A,N/A,N/A,N/A,N/A,N/A,N/A,N/A,N/A,N/A,N/A,N/A,N/A,N/A,N/A,N/A,N/A,N/A,N/A,N/A,N/A,N/A,N/A,N/A,N/A,N/A,N/A,N/A,true,false,249789,112
247,1082.470612100,false,false,A,RT->RT,00,01,31,01,01,N/A,8.5,0x0000,N/A,N/A,0x0000,N/A,N/A,N/A,N/A,N/A,N/A,N/A,N/A,N/A,N/A,N/A,N/A,N/A,N/A,N/A,N/A,N/A,N/A,N/A,N/A,N/A,N/A,N/A,N/A,N/A,N/A,N/A,N/A,N/A,N/A,N/A,true,false,14,85
248,1082.720486100,false,false,A,RT->RT,00,20,03,20,01,N/A,8.5,0x1800,8.5,0x0000,0x3477,N/A,N/A,N/A,N/A,N/A,N/A,N/A,N/A,N/A,N/A,N/A,N/A,N/A,N/A,N/A,N/A,N/A,N/A,N/A,N/A,N/A,N/A,N/A,N/A,N/A,N/A,N/A,N/A,N/A,N/A,N/A,true,false,249789,112
249,1082.720612100,false,false,A,RT->RT,00,01,31,01,01,N/A,8.5,0x0000,N/A,N/A,0x0000,N/A,N/A,N/A,N/A,N/A,N/A,N/A,N/A,N/A,N/A,N/A,N/A,N/A,N/A,N/A,N/A,N/A,N/A,N/A,N/A,N/A,N/A,N/A,N/A,N/A,N/A,N/A,N/A,N/A,N/A,N/A,true,false,14,85
250,1082.970486100,false,false,A,RT->RT,00,20,03,20,01,N/A,8.5,0x1800,8.5,0x0000,0x3477,N/A,N/A,N/A,N/A,N/A,N/A,N/A,N/A,N/A,N/A,N/A,N/A,N/A,N/A,N/A,N/A,N/A,N/A,N/A,N/A,N/A,N/A,N/A,N/A,N/A,N/A,N/A,N/A,N/A,N/A,N/A,true,false,249789,112
251,1082.970612100,false,false,A,RT->RT,00,01,31,01,01,N/A,8.5,0x0000,N/A,N/A,0x0000,N/A,N/A,N/A,N/A,N/A,N/A,N/A,N/A,N/A,N/A,N/A,N/A,N/A,N/A,N/A,N/A,N/A,N/A,N/A,N/A,N/A,N/A,N/A,N/A,N/A,N/A,N/A,N/A,N/A,N/A,N/A,true,false,14,85
252,1083.220486100,false,false,A,RT->RT,00,20,03,20,01,N/A,8.5,0x1800,8.5,0x0000,0x3477,N/A,N/A,N/A,N/A,N/A,N/A,N/A,N/A,N/A,N/A,N/A,N/A,N/A,N/A,N/A,N/A,N/A,N/A,N/A,N/A,N/A,N/A,N/A,N/A,N/A,N/A,N/A,N/A,N/A,N/A,N/A,true,false,249789,112
253,1083.220612100,false,false,A,RT->RT,00,01,31,01,01,N/A,8.5,0x0000,N/A,N/A,0x0000,N/A,N/A,N/A,N/A,N/A,N/A,N/A,N/A,N/A,N/A,N/A,N/A,N/A,N/A,N/A,N/A,N/A,N/A,N/A,N/A,N/A,N/A,N/A,N/A,N/A,N/A,N/A,N/A,N/A,N/A,N/A,true,false,14,85
254,1083.470486100,false,false,A,RT->RT,00,20,03,20,01,N/A,8.5,0x1800,8.5,0x0000,0x3477,N/A,N/A,N/A,N/A,N/A,N/A,N/A,N/A,N/A,N/A,N/A,N/A,N/A,N/A,N/A,N/A,N/A,N/A,N/A,N/A,N/A,N/A,N/A,N/A,N/A,N/A,N/A,N/A,N/A,N/A,N/A,true,false,249789,112
255,1083.470612100,false,false,A,RT->RT,00,01,31,01,01,N/A,8.5,0x0000,N/A,N/A,0x0000,N/A,N/A,N/A,N/A,N/A,N/A,N/A,N/A,N/A,N/A,N/A,N/A,N/A,N/A,N/A,N/A,N/A,N/A,N/A,N/A,N/A,N/A,N/A,N/A,N/A,N/A,N/A,N/A,N/A,N/A,N/A,true,false,14,85
256,1083.720486100,false,false,A,RT->RT,00,20,03,20,01,N/A,8.5,0x1800,8.5,0x0000,0x3477,N/A,N/A,N/A,N/A,N/A,N/A,N/A,N/A,N/A,N/A,N/A,N/A,N/A,N/A,N/A,N/A,N/A,N/A,N/A,N/A,N/A,N/A,N/A,N/A,N/A,N/A,N/A,N/A,N/A,N/A,N/A,true,false,249789,112
257,1083.720612100,false,false,A,RT->RT,00,01,31,01,01,N/A,8.5,0x0000,N/A,N/A,0x0000,N/A,N/A,N/A,N/A,N/A,N/A,N/A,N/A,N/A,N/A,N/A,N/A,N/A,N/A,N/A,N/A,N/A,N/A,N/A,N/A,N/A,N/A,N/A,N/A,N/A,N/A,N/A,N/A,N/A,N/A,N/A,true,false,14,85
258,1083.970486100,false,false,A,RT->RT,00,20,03,20,01,N/A,8.5,0x1800,8.5,0x0000,0x3477,N/A,N/A,N/A,N/A,N/A,N/A,N/A,N/A,N/A,N/A,N/A,N/A,N/A,N/A,N/A,N/A,N/A,N/A,N/A,N/A,N/A,N/A,N/A,N/A,N/A,N/A,N/A,N/A,N/A,N/A,N/A,true,false,249789,112
259,1083.970612100,false,false,A,RT->RT,00,01,31,01,01,N/A,8.5,0x0000,N/A,N/A,0x0000,N/A,N/A,N/A,N/A,N/A,N/A,N/A,N/A,N/A,N/A,N/A,N/A,N/A,N/A,N/A,N/A,N/A,N/A,N/A,N/A,N/A,N/A,N/A,N/A,N/A,N/A,N/A,N/A,N/A,N/A,N/A,true,false,14,85
260,1084.220486100,false,false,A,RT->RT,00,20,03,20,01,N/A,8.5,0x1800,8.5,0x0000,0x3477,N/A,N/A,N/A,N/A,N/A,N/A,N/A,N/A,N/A,N/A,N/A,N/A,N/A,N/A,N/A,N/A,N/A,N/A,N/A,N/A,N/A,N/A,N/A,N/A,N/A,N/A,N/A,N/A,N/A,N/A,N/A,true,false,249789,112
261,1084.220612100,false,false,A,RT->RT,00,01,31,01,01,N/A,8.5,0x0000,N/A,N/A,0x0000,N/A,N/A,N/A,N/A,N/A,N/A,N/A,N/A,N/A,N/A,N/A,N/A,N/A,N/A,N/A,N/A,N/A,N/A,N/A,N/A,N/A,N/A,N/A,N/A,N/A,N/A,N/A,N/A,N/A,N/A,N/A,true,false,14,85
262,1084.470486100,false,false,A,RT->RT,00,20,03,20,01,N/A,8.5,0x1800,8.5,0x0000,0x3477,N/A,N/A,N/A,N/A,N/A,N/A,N/A,N/A,N/A,N/A,N/A,N/A,N/A,N/A,N/A,N/A,N/A,N/A,N/A,N/A,N/A,N/A,N/A,N/A,N/A,N/A,N/A,N/A,N/A,N/A,N/A,true,false,249789,112
263,1084.470612100,false,false,A,RT->RT,00,01,31,01,01,N/A,8.5,0x0000,N/A,N/A,0x0000,N/A,N/A,N/A,N/A,N/A,N/A,N/A,N/A,N/A,N/A,N/A,N/A,N/A,N/A,N/A,N/A,N/A,N/A,N/A,N/A,N/A,N/A,N/A,N/A,N/A,N/A,N/A,N/A,N/A,N/A,N/A,true,false,14,85
264,1084.720486100,false,false,A,RT->RT,00,20,03,20,01,N/A,8.5,0x1800,8.5,0x0000,0x3477,N/A,N/A,N/A,N/A,N/A,N/A,N/A,N/A,N/A,N/A,N/A,N/A,N/A,N/A,N/A,N/A,N/A,N/A,N/A,N/A,N/A,N/A,N/A,N/A,N/A,N/A,N/A,N/A,N/A,N/A,N/A,true,false,249789,112
265,1084.720612100,false,false,A,RT->RT,00,01,31,01,01,N/A,8.5,0x0000,N/A,N/A,0x0000,N/A,N/A,N/A,N/A,N/A,N/A,N/A,N/A,N/A,N/A,N/A,N/A,N/A,N/A,N/A,N/A,N/A,N/A,N/A,N/A,N/A,N/A,N/A,N/A,N/A,N/A,N/A,N/A,N/A,N/A,N/A,true,false,14,85
266,1084.970486100,false,false,A,RT->RT,00,20,03,20,01,N/A,8.5,0x1800,8.5,0x0000,0x3477,N/A,N/A,N/A,N/A,N/A,N/A,N/A,N/A,N/A,N/A,N/A,N/A,N/A,N/A,N/A,N/A,N/A,N/A,N/A,N/A,N/A,N/A,N/A,N/A,N/A,N/A,N/A,N/A,N/A,N/A,N/A,true,false,249789,112
267,1084.970612100,false,false,A,RT->RT,00,01,31,01,01,N/A,8.5,0x0000,N/A,N/A,0x0000,N/A,N/A,N/A,N/A,N/A,N/A,N/A,N/A,N/A,N/A,N/A,N/A,N/A,N/A,N/A,N/A,N/A,N/A,N/A,N/A,N/A,N/A,N/A,N/A,N/A,N/A,N/A,N/A,N/A,N/A,N/A,true,false,14,85
268,1085.220486100,false,false,A,RT->RT,00,20,03,20,01,N/A,8.5,0x1800,8.5,0x0000,0x3477,N/A,N/A,N/A,N/A,N/A,N/A,N/A,N/A,N/A,N/A,N/A,N/A,N/A,N/A,N/A,N/A,N/A,N/A,N/A,N/A,N/A,N/A,N/A,N/A,N/A,N/A,N/A,N/A,N/A,N/A,N/A,true,false,249789,112
269,1085.220612100,false,false,A,RT->RT,00,01,31,01,01,N/A,8.5,0x0000,N/A,N/A,0x0000,N/A,N/A,N/A,N/A,N/A,N/A,N/A,N/A,N/A,N/A,N/A,N/A,N/A,N/A,N/A,N/A,N/A,N/A,N/A,N/A,N/A,N/A,N/A,N/A,N/A,N/A,N/A,N/A,N/A,N/A,N/A,true,false,14,85
270,1085.470486100,false,false,A,RT->RT,00,20,03,20,01,N/A,8.5,0x1800,8.5,0x0000,0x3477,N/A,N/A,N/A,N/A,N/A,N/A,N/A,N/A,N/A,N/A,N/A,N/A,N/A,N/A,N/A,N/A,N/A,N/A,N/A,N/A,N/A,N/A,N/A,N/A,N/A,N/A,N/A,N/A,N/A,N/A,N/A,true,false,249789,112
271,1085.470612100,false,false,A,RT->RT,00,01,31,01,01,N/A,8.5,0x0000,N/A,N/A,0x0000,N/A,N/A,N/A,N/A,N/A,N/A,N/A,N/A,N/A,N/A,N/A,N/A,N/A,N/A,N/A,N/A,N/A,N/A,N/A,N/A,N/A,N/A,N/A,N/A,N/A,N/A,N/A,N/A,N/A,N/A,N/A,true,false,14,85
272,1085.720486100,false,false,A,RT->RT,00,20,03,20,01,N/A,8.5,0x1800,8.5,0x0000,0x3477,N/A,N/A,N/A,N/A,N/A,N/A,N/A,N/A,N/A,N/A,N/A,N/A,N/A,N/A,N/A,N/A,N/A,N/A,N/A,N/A,N/A,N/A,N/A,N/A,N/A,N/A,N/A,N/A,N/A,N/A,N/A,true,false,249789,112
273,1085.720612100,false,false,A,RT->RT,00,01,31,01,01,N/A,8.5,0x0000,N/A,N/A,0x0000,N/A,N/A,N/A,N/A,N/A,N/A,N/A,N/A,N/A,N/A,N/A,N/A,N/A,N/A,N/A,N/A,N/A,N/A,N/A,N/A,N/A,N/A,N/A,N/A,N/A,N/A,N/A,N/A,N/A,N/A,N/A,true,false,14,85
274,1085.970486100,false,false,A,RT->RT,00,20,03,20,01,N/A,8.5,0x1800,8.5,0x0000,0x3477,N/A,N/A,N/A,N/A,N/A,N/A,N/A,N/A,N/A,N/A,N/A,N/A,N/A,N/A,N/A,N/A,N/A,N/A,N/A,N/A,N/A,N/A,N/A,N/A,N/A,N/A,N/A,N/A,N/A,N/A,N/A,true,false,249789,112
275,1085.970612100,false,false,A,RT->RT,00,01,31,01,01,N/A,8.5,0x0000,N/A,N/A,0x0000,N/A,N/A,N/A,N/A,N/A,N/A,N/A,N/A,N/A,N/A,N/A,N/A,N/A,N/A,N/A,N/A,N/A,N/A,N/A,N/A,N/A,N/A,N/A,N/A,N/A,N/A,N/A,N/A,N/A,N/A,N/A,true,false,14,85
276,1086.220486100,false,false,A,RT->RT,00,20,03,20,01,N/A,8.5,0x1800,8.5,0x0000,0x3477,N/A,N/A,N/A,N/A,N/A,N/A,N/A,N/A,N/A,N/A,N/A,N/A,N/A,N/A,N/A,N/A,N/A,N/A,N/A,N/A,N/A,N/A,N/A,N/A,N/A,N/A,N/A,N/A,N/A,N/A,N/A,true,false,249789,112
277,1086.220612100,false,false,A,RT->RT,00,01,31,01,01,N/A,8.5,0x0000,N/A,N/A,0x0000,N/A,N/A,N/A,N/A,N/A,N/A,N/A,N/A,N/A,N/A,N/A,N/A,N/A,N/A,N/A,N/A,N/A,N/A,N/A,N/A,N/A,N/A,N/A,N/A,N/A,N/A,N/A,N/A,N/A,N/A,N/A,true,false,14,85
278,1086.470486100,false,false,A,RT->RT,00,20,03,20,01,N/A,8.5,0x1800,8.5,0x0000,0x3477,N/A,N/A,N/A,N/A,N/A,N/A,N/A,N/A,N/A,N/A,N/A,N/A,N/A,N/A,N/A,N/A,N/A,N/A,N/A,N/A,N/A,N/A,N/A,N/A,N/A,N/A,N/A,N/A,N/A,N/A,N/A,true,false,249789,112
279,1086.470612100,false,false,A,RT->RT,00,01,31,01,01,N/A,8.5,0x0000,N/A,N/A,0x0000,N/A,N/A,N/A,N/A,N/A,N/A,N/A,N/A,N/A,N/A,N/A,N/A,N/A,N/A,N/A,N/A,N/A,N/A,N/A,N/A,N/A,N/A,N/A,N/A,N/A,N/A,N/A,N/A,N/A,N/A,N/A,true,false,14,85
280,1086.720486100,false,false,A,RT->RT,00,20,03,20,01,N/A,8.5,0x1800,8.5,0x0000,0x3477,N/A,N/A,N/A,N/A,N/A,N/A,N/A,N/A,N/A,N/A,N/A,N/A,N/A,N/A,N/A,N/A,N/A,N/A,N/A,N/A,N/A,N/A,N/A,N/A,N/A,N/A,N/A,N/A,N/A,N/A,N/A,true,false,249789,112
281,1086.720612100,false,false,A,RT->RT,00,01,31,01,01,N/A,8.5,0x0000,N/A,N/A,0x0000,N/A,N/A,N/A,N/A,N/A,N/A,N/A,N/A,N/A,N/A,N/A,N/A,N/A,N/A,N/A,N/A,N/A,N/A,N/A,N/A,N/A,N/A,N/A,N/A,N/A,N/A,N/A,N/A,N/A,N/A,N/A,true,false,14,85
282,1086.970486100,false,false,A,RT->RT,00,20,03,20,01,N/A,8.5,0x1800,8.5,0x0000,0x3477,N/A,N/A,N/A,N/A,N/A,N/A,N/A,N/A,N/A,N/A,N/A,N/A,N/A,N/A,N/A,N/A,N/A,N/A,N/A,N/A,N/A,N/A,N/A,N/A,N/A,N/A,N/A,N/A,N/A,N/A,N/A,true,false,249789,112
283,1086.970612100,false,false,A,RT->RT,00,01,31,01,01,N/A,8.5,0x0000,N/A,N/A,0x0000,N/A,N/A,N/A,N/A,N/A,N/A,N/A,N/A,N/A,N/A,N/A,N/A,N/A,N/A,N/A,N/A,N/A,N/A,N/A,N/A,N/A,N/A,N/A,N/A,N/A,N/A,N/A,N/A,N/A,N/A,N/A,true,false,14,85
284,1087.220486100,false,false,A,RT->RT,00,20,03,20,01,N/A,8.5,0x1800,8.5,0x0000,0x3477,N/A,N/A,N/A,N/A,N/A,N/A,N/A,N/A,N/A,N/A,N/A,N/A,N/A,N/A,N/A,N/A,N/A,N/A,N/A,N/A,N/A,N/A,N/A,N/A,N/A,N/A,N/A,N/A,N/A,N/A,N/A,true,false,249789,112
285,1087.220612100,false,false,A,RT->RT,00,01,31,01,01,N/A,8.5,0x0000,N/A,N/A,0x0000,N/A,N/A,N/A,N/A,N/A,N/A,N/A,N/A,N/A,N/A,N/A,N/A,N/A,N/A,N/A,N/A,N/A,N/A,N/A,N/A,N/A,N/A,N/A,N/A,N/A,N/A,N/A,N/A,N/A,N/A,N/A,true,false,14,85
286,1087.470486100,false,false,A,RT->RT,00,20,03,20,01,N/A,8.5,0x1800,8.5,0x0000,0x3477,N/A,N/A,N/A,N/A,N/A,N/A,N/A,N/A,N/A,N/A,N/A,N/A,N/A,N/A,N/A,N/A,N/A,N/A,N/A,N/A,N/A,N/A,N/A,N/A,N/A,N/A,N/A,N/A,N/A,N/A,N/A,true,false,249789,112
287,1087.470612100,false,false,A,RT->RT,00,01,31,01,01,N/A,8.5,0x0000,N/A,N/A,0x0000,N/A,N/A,N/A,N/A,N/A,N/A,N/A,N/A,N/A,N/A,N/A,N/A,N/A,N/A,N/A,N/A,N/A,N/A,N/A,N/A,N/A,N/A,N/A,N/A,N/A,N/A,N/A,N/A,N/A,N/A,N/A,true,false,14,85
288,1087.720486100,false,false,A,RT->RT,00,20,03,20,01,N/A,8.5,0x1800,8.5,0x0000,0x3477,N/A,N/A,N/A,N/A,N/A,N/A,N/A,N/A,N/A,N/A,N/A,N/A,N/A,N/A,N/A,N/A,N/A,N/A,N/A,N/A,N/A,N/A,N/A,N/A,N/A,N/A,N/A,N/A,N/A,N/A,N/A,true,false,249789,112
289,1087.720612100,false,false,A,RT->RT,00,01,31,01,01,N/A,8.5,0x0000,N/A,N/A,0x0000,N/A,N/A,N/A,N/A,N/A,N/A,N/A,N/A,N/A,N/A,N/A,N/A,N/A,N/A,N/A,N/A,N/A,N/A,N/A,N/A,N/A,N/A,N/A,N/A,N/A,N/A,N/A,N/A,N/A,N/A,N/A,true,false,14,85
290,1087.970486100,false,false,A,RT->RT,00,20,03,20,01,N/A,8.5,0x1800,8.5,0x0000,0x3477,N/A,N/A,N/A,N/A,N/A,N/A,N/A,N/A,N/A,N/A,N/A,N/A,N/A,N/A,N/A,N/A,N/A,N/A,N/A,N/A,N/A,N/A,N/A,N/A,N/A,N/A,N/A,N/A,N/A,N/A,N/A,true,false,249789,112
291,1087.970612100,false,false,A,RT->RT,00,01,31,01,01,N/A,8.5,0x0000,N/A,N/A,0x0000,N/A,N/A,N/A,N/A,N/A,N/A,N/A,N/A,N/A,N/A,N/A,N/A,N/A,N/A,N/A,N/A,N/A,N/A,N/A,N/A,N/A,N/A,N/A,N/A,N/A,N/A,N/A,N/A,N/A,N/A,N/A,true,false,14,85
292,1088.220486100,false,false,A,RT->RT,00,20,03,20,01,N/A,8.5,0x1800,8.5,0x0000,0x3477,N/A,N/A,N/A,N/A,N/A,N/A,N/A,N/A,N/A,N/A,N/A,N/A,N/A,N/A,N/A,N/A,N/A,N/A,N/A,N/A,N/A,N/A,N/A,N/A,N/A,N/A,N/A,N/A,N/A,N/A,N/A,true,false,249789,112
293,1088.220612100,false,false,A,RT->RT,00,01,31,01,01,N/A,8.5,0x0000,N/A,N/A,0x0000,N/A,N/A,N/A,N/A,N/A,N/A,N/A,N/A,N/A,N/A,N/A,N/A,N/A,N/A,N/A,N/A,N/A,N/A,N/A,N/A,N/A,N/A,N/A,N/A,N/A,N/A,N/A,N/A,N/A,N/A,N/A,true,false,14,85
294,1088.470486100,false,false,A,RT->RT,00,20,03,20,01,N/A,8.5,0x1800,8.5,0x0000,0x3477,N/A,N/A,N/A,N/A,N/A,N/A,N/A,N/A,N/A,N/A,N/A,N/A,N/A,N/A,N/A,N/A,N/A,N/A,N/A,N/A,N/A,N/A,N/A,N/A,N/A,N/A,N/A,N/A,N/A,N/A,N/A,true,false,249789,112
295,1088.470612100,false,false,A,RT->RT,00,01,31,01,01,N/A,8.5,0x0000,N/A,N/A,0x0000,N/A,N/A,N/A,N/A,N/A,N/A,N/A,N/A,N/A,N/A,N/A,N/A,N/A,N/A,N/A,N/A,N/A,N/A,N/A,N/A,N/A,N/A,N/A,N/A,N/A,N/A,N/A,N/A,N/A,N/A,N/A,true,false,14,85
296,1088.720486100,false,false,A,RT->RT,00,20,03,20,01,N/A,8.5,0x1800,8.5,0x0000,0x3477,N/A,N/A,N/A,N/A,N/A,N/A,N/A,N/A,N/A,N/A,N/A,N/A,N/A,N/A,N/A,N/A,N/A,N/A,N/A,N/A,N/A,N/A,N/A,N/A,N/A,N/A,N/A,N/A,N/A,N/A,N/A,true,false,249789,112
297,1088.720612100,false,false,A,RT->RT,00,01,31,01,01,N/A,8.5,0x0000,N/A,N/A,0x0000,N/A,N/A,N/A,N/A,N/A,N/A,N/A,N/A,N/A,N/A,N/A,N/A,N/A,N/A,N/A,N/A,N/A,N/A,N/A,N/A,N/A,N/A,N/A,N/A,N/A,N/A,N/A,N/A,N/A,N/A,N/A,true,false,14,85
298,1088.970486100,false,false,A,RT->RT,00,20,03,20,01,N/A,8.5,0x1800,8.5,0x0000,0x3477,N/A,N/A,N/A,N/A,N/A,N/A,N/A,N/A,N/A,N/A,N/A,N/A,N/A,N/A,N/A,N/A,N/A,N/A,N/A,N/A,N/A,N/A,N/A,N/A,N/A,N/A,N/A,N/A,N/A,N/A,N/A,true,false,249789,112
299,1088.970612100,false,false,A,RT->RT,00,01,31,01,01,N/A,8.5,0x0000,N/A,N/A,0x0000,N/A,N/A,N/A,N/A,N/A,N/A,N/A,N/A,N/A,N/A,N/A,N/A,N/A,N/A,N/A,N/A,N/A,N/A,N/A,N/A,N/A,N/A,N/A,N/A,N/A,N/A,N/A,N/A,N/A,N/A,N/A,true,false,14,85
300,1089.220486100,false,false,A,RT->RT,00,20,03,20,01,N/A,8.5,0x1800,8.5,0x0000,0x3477,N/A,N/A,N/A,N/A,N/A,N/A,N/A,N/A,N/A,N/A,N/A,N/A,N/A,N/A,N/A,N/A,N/A,N/A,N/A,N/A,N/A,N/A,N/A,N/A,N/A,N/A,N/A,N/A,N/A,N/A,N/A,true,false,249789,112
301,1089.220612100,false,false,A,RT->RT,00,01,31,01,01,N/A,8.5,0x0000,N/A,N/A,0x0000,N/A,N/A,N/A,N/A,N/A,N/A,N/A,N/A,N/A,N/A,N/A,N/A,N/A,N/A,N/A,N/A,N/A,N/A,N/A,N/A,N/A,N/A,N/A,N/A,N/A,N/A,N/A,N/A,N/A,N/A,N/A,true,false,14,85
302,1089.470486100,false,false,A,RT->RT,00,20,03,20,01,N/A,8.5,0x1800,8.5,0x0000,0x3477,N/A,N/A,N/A,N/A,N/A,N/A,N/A,N/A,N/A,N/A,N/A,N/A,N/A,N/A,N/A,N/A,N/A,N/A,N/A,N/A,N/A,N/A,N/A,N/A,N/A,N/A,N/A,N/A,N/A,N/A,N/A,true,false,249789,112
303,1089.470612100,false,false,A,RT->RT,00,01,31,01,01,N/A,8.5,0x0000,N/A,N/A,0x0000,N/A,N/A,N/A,N/A,N/A,N/A,N/A,N/A,N/A,N/A,N/A,N/A,N/A,N/A,N/A,N/A,N/A,N/A,N/A,N/A,N/A,N/A,N/A,N/A,N/A,N/A,N/A,N/A,N/A,N/A,N/A,true,false,14,85
304,1089.720486100,false,false,A,RT->RT,00,20,03,20,01,N/A,8.5,0x1800,8.5,0x0000,0x3477,N/A,N/A,N/A,N/A,N/A,N/A,N/A,N/A,N/A,N/A,N/A,N/A,N/A,N/A,N/A,N/A,N/A,N/A,N/A,N/A,N/A,N/A,N/A,N/A,N/A,N/A,N/A,N/A,N/A,N/A,N/A,true,false,249789,112
305,1089.720612100,false,false,A,RT->RT,00,01,31,01,01,N/A,8.5,0x0000,N/A,N/A,0x0000,N/A,N/A,N/A,N/A,N/A,N/A,N/A,N/A,N/A,N/A,N/A,N/A,N/A,N/A,N/A,N/A,N/A,N/A,N/A,N/A,N/A,N/A,N/A,N/A,N/A,N/A,N/A,N/A,N/A,N/A,N/A,true,false,14,85
306,1089.970486100,false,false,A,RT->RT,00,20,03,20,01,N/A,8.5,0x1800,8.5,0x0000,0x3477,N/A,N/A,N/A,N/A,N/A,N/A,N/A,N/A,N/A,N/A,N/A,N/A,N/A,N/A,N/A,N/A,N/A,N/A,N/A,N/A,N/A,N/A,N/A,N/A,N/A,N/A,N/A,N/A,N/A,N/A,N/A,true,false,249789,112
307,1089.970612100,false,false,A,RT->RT,00,01,31,01,01,N/A,8.5,0x0000,N/A,N/A,0x0000,N/A,N/A,N/A,N/A,N/A,N/A,N/A,N/A,N/A,N/A,N/A,N/A,N/A,N/A,N/A,N/A,N/A,N/A,N/A,N/A,N/A,N/A,N/A,N/A,N/A,N/A,N/A,N/A,N/A,N/A,N/A,true,false,14,85
308,1090.220486100,false,false,A,RT->RT,00,20,03,20,01,N/A,8.5,0x1800,8.5,0x0000,0x3477,N/A,N/A,N/A,N/A,N/A,N/A,N/A,N/A,N/A,N/A,N/A,N/A,N/A,N/A,N/A,N/A,N/A,N/A,N/A,N/A,N/A,N/A,N/A,N/A,N/A,N/A,N/A,N/A,N/A,N/A,N/A,true,false,249789,112
309,1090.220612100,false,false,A,RT->RT,00,01,31,01,01,N/A,8.5,0x0000,N/A,N/A,0x0000,N/A,N/A,N/A,N/A,N/A,N/A,N/A,N/A,N/A,N/A,N/A,N/A,N/A,N/A,N/A,N/A,N/A,N/A,N/A,N/A,N/A,N/A,N/A,N/A,N/A,N/A,N/A,N/A,N/A,N/A,N/A,true,false,14,85
310,1090.470486100,false,false,A,RT->RT,00,20,03,20,01,N/A,8.5,0x1800,8.5,0x0000,0x3477,N/A,N/A,N/A,N/A,N/A,N/A,N/A,N/A,N/A,N/A,N/A,N/A,N/A,N/A,N/A,N/A,N/A,N/A,N/A,N/A,N/A,N/A,N/A,N/A,N/A,N/A,N/A,N/A,N/A,N/A,N/A,true,false,249789,112
311,1090.470612100,false,false,A,RT->RT,00,01,31,01,01,N/A,8.5,0x0000,N/A,N/A,0x0000,N/A,N/A,N/A,N/A,N/A,N/A,N/A,N/A,N/A,N/A,N/A,N/A,N/A,N/A,N/A,N/A,N/A,N/A,N/A,N/A,N/A,N/A,N/A,N/A,N/A,N/A,N/A,N/A,N/A,N/A,N/A,true,false,14,85
312,1090.720486100,false,false,A,RT->RT,00,20,03,20,01,N/A,8.5,0x1800,8.5,0x0000,0x3477,N/A,N/A,N/A,N/A,N/A,N/A,N/A,N/A,N/A,N/A,N/A,N/A,N/A,N/A,N/A,N/A,N/A,N/A,N/A,N/A,N/A,N/A,N/A,N/A,N/A,N/A,N/A,N/A,N/A,N/A,N/A,true,false,249789,112
313,1090.720612100,false,false,A,RT->RT,00,01,31,01,01,N/A,8.5,0x0000,N/A,N/A,0x0000,N/A,N/A,N/A,N/A,N/A,N/A,N/A,N/A,N/A,N/A,N/A,N/A,N/A,N/A,N/A,N/A,N/A,N/A,N/A,N/A,N/A,N/A,N/A,N/A,N/A,N/A,N/A,N/A,N/A,N/A,N/A,true,false,14,85
314,1090.970486100,false,false,A,RT->RT,00,20,03,20,01,N/A,8.5,0x1800,8.5,0x0000,0x3477,N/A,N/A,N/A,N/A,N/A,N/A,N/A,N/A,N/A,N/A,N/A,N/A,N/A,N/A,N/A,N/A,N/A,N/A,N/A,N/A,N/A,N/A,N/A,N/A,N/A,N/A,N/A,N/A,N/A,N/A,N/A,true,false,249789,112
315,1090.970612100,false,false,A,RT->RT,00,01,31,01,01,N/A,8.5,0x0000,N/A,N/A,0x0000,N/A,N/A,N/A,N/A,N/A,N/A,N/A,N/A,N/A,N/A,N/A,N/A,N/A,N/A,N/A,N/A,N/A,N/A,N/A,N/A,N/A,N/A,N/A,N/A,N/A,N/A,N/A,N/A,N/A,N/A,N/A,true,false,14,85
316,1091.220486100,false,false,A,RT->RT,00,20,03,20,01,N/A,8.5,0x1800,8.5,0x0000,0x3477,N/A,N/A,N/A,N/A,N/A,N/A,N/A,N/A,N/A,N/A,N/A,N/A,N/A,N/A,N/A,N/A,N/A,N/A,N/A,N/A,N/A,N/A,N/A,N/A,N/A,N/A,N/A,N/A,N/A,N/A,N/A,true,false,249789,112
317,1091.220612100,false,false,A,RT->RT,00,01,31,01,01,N/A,8.5,0x0000,N/A,N/A,0x0000,N/A,N/A,N/A,N/A,N/A,N/A,N/A,N/A,N/A,N/A,N/A,N/A,N/A,N/A,N/A,N/A,N/A,N/A,N/A,N/A,N/A,N/A,N/A,N/A,N/A,N/A,N/A,N/A,N/A,N/A,N/A,true,false,14,85
318,1091.470486100,false,false,A,RT->RT,00,20,03,20,01,N/A,8.5,0x1800,8.5,0x0000,0x3477,N/A,N/A,N/A,N/A,N/A,N/A,N/A,N/A,N/A,N/A,N/A,N/A,N/A,N/A,N/A,N/A,N/A,N/A,N/A,N/A,N/A,N/A,N/A,N/A,N/A,N/A,N/A,N/A,N/A,N/A,N/A,true,false,249789,112
319,1091.470612100,false,false,A,RT->RT,00,01,31,01,01,N/A,8.5,0x0000,N/A,N/A,0x0000,N/A,N/A,N/A,N/A,N/A,N/A,N/A,N/A,N/A,N/A,N/A,N/A,N/A,N/A,N/A,N/A,N/A,N/A,N/A,N/A,N/A,N/A,N/A,N/A,N/A,N/A,N/A,N/A,N/A,N/A,N/A,true,false,14,85
320,1091.720486100,false,false,A,RT->RT,00,20,03,20,01,N/A,8.5,0x1800,8.5,0x0000,0x3477,N/A,N/A,N/A,N/A,N/A,N/A,N/A,N/A,N/A,N/A,N/A,N/A,N/A,N/A,N/A,N/A,N/A,N/A,N/A,N/A,N/A,N/A,N/A,N/A,N/A,N/A,N/A,N/A,N/A,N/A,N/A,true,false,249789,112
321,1091.720612100,false,false,A,RT->RT,00,01,31,01,01,N/A,8.5,0x0000,N/A,N/A,0x0000,N/A,N/A,N/A,N/A,N/A,N/A,N/A,N/A,N/A,N/A,N/A,N/A,N/A,N/A,N/A,N/A,N/A,N/A,N/A,N/A,N/A,N/A,N/A,N/A,N/A,N/A,N/A,N/A,N/A,N/A,N/A,true,false,14,85
322,1091.970486100,false,false,A,RT->RT,00,20,03,20,01,N/A,8.5,0x1800,8.5,0x0000,0x3477,N/A,N/A,N/A,N/A,N/A,N/A,N/A,N/A,N/A,N/A,N/A,N/A,N/A,N/A,N/A,N/A,N/A,N/A,N/A,N/A,N/A,N/A,N/A,N/A,N/A,N/A,N/A,N/A,N/A,N/A,N/A,true,false,249789,112
323,1091.970612100,false,false,A,RT->RT,00,01,31,01,01,N/A,8.5,0x0000,N/A,N/A,0x0000,N/A,N/A,N/A,N/A,N/A,N/A,N/A,N/A,N/A,N/A,N/A,N/A,N/A,N/A,N/A,N/A,N/A,N/A,N/A,N/A,N/A,N/A,N/A,N/A,N/A,N/A,N/A,N/A,N/A,N/A,N/A,true,false,14,85
324,1092.220486100,false,false,A,RT->RT,00,20,03,20,01,N/A,8.5,0x1800,8.5,0x0000,0x3477,N/A,N/A,N/A,N/A,N/A,N/A,N/A,N/A,N/A,N/A,N/A,N/A,N/A,N/A,N/A,N/A,N/A,N/A,N/A,N/A,N/A,N/A,N/A,N/A,N/A,N/A,N/A,N/A,N/A,N/A,N/A,true,false,249789,112
325,1092.220612100,false,false,A,RT->RT,00,01,31,01,01,N/A,8.5,0x0000,N/A,N/A,0x0000,N/A,N/A,N/A,N/A,N/A,N/A,N/A,N/A,N/A,N/A,N/A,N/A,N/A,N/A,N/A,N/A,N/A,N/A,N/A,N/A,N/A,N/A,N/A,N/A,N/A,N/A,N/A,N/A,N/A,N/A,N/A,true,false,14,85
326,1092.470486100,false,false,A,RT->RT,00,20,03,20,01,N/A,8.5,0x1800,8.5,0x0000,0x3477,N/A,N/A,N/A,N/A,N/A,N/A,N/A,N/A,N/A,N/A,N/A,N/A,N/A,N/A,N/A,N/A,N/A,N/A,N/A,N/A,N/A,N/A,N/A,N/A,N/A,N/A,N/A,N/A,N/A,N/A,N/A,true,false,249789,112
327,1092.470612100,false,false,A,RT->RT,00,01,31,01,01,N/A,8.5,0x0000,N/A,N/A,0x0000,N/A,N/A,N/A,N/A,N/A,N/A,N/A,N/A,N/A,N/A,N/A,N/A,N/A,N/A,N/A,N/A,N/A,N/A,N/A,N/A,N/A,N/A,N/A,N/A,N/A,N/A,N/A,N/A,N/A,N/A,N/A,true,false,14,85
328,1092.720486100,false,false,A,RT->RT,00,20,03,20,01,N/A,8.5,0x1800,8.5,0x0000,0x3477,N/A,N/A,N/A,N/A,N/A,N/A,N/A,N/A,N/A,N/A,N/A,N/A,N/A,N/A,N/A,N/A,N/A,N/A,N/A,N/A,N/A,N/A,N/A,N/A,N/A,N/A,N/A,N/A,N/A,N/A,N/A,true,false,249789,112
329,1092.720612100,false,false,A,RT->RT,00,01,31,01,01,N/A,8.5,0x0000,N/A,N/A,0x0000,N/A,N/A,N/A,N/A,N/A,N/A,N/A,N/A,N/A,N/A,N/A,N/A,N/A,N/A,N/A,N/A,N/A,N/A,N/A,N/A,N/A,N/A,N/A,N/A,N/A,N/A,N/A,N/A,N/A,N/A,N/A,true,false,14,85
330,1092.970486100,false,false,A,RT->RT,00,20,03,20,01,N/A,8.5,0x1800,8.5,0x0000,0x3477,N/A,N/A,N/A,N/A,N/A,N/A,N/A,N/A,N/A,N/A,N/A,N/A,N/A,N/A,N/A,N/A,N/A,N/A,N/A,N/A,N/A,N/A,N/A,N/A,N/A,N/A,N/A,N/A,N/A,N/A,N/A,true,false,249789,112
331,1092.970612100,false,false,A,RT->RT,00,01,31,01,01,N/A,8.5,0x0000,N/A,N/A,0x0000,N/A,N/A,N/A,N/A,N/A,N/A,N/A,N/A,N/A,N/A,N/A,N/A,N/A,N/A,N/A,N/A,N/A,N/A,N/A,N/A,N/A,N/A,N/A,N/A,N/A,N/A,N/A,N/A,N/A,N/A,N/A,true,false,14,85
332,1093.220486100,false,false,A,RT->RT,00,20,03,20,01,N/A,8.5,0x1800,8.5,0x0000,0x3477,N/A,N/A,N/A,N/A,N/A,N/A,N/A,N/A,N/A,N/A,N/A,N/A,N/A,N/A,N/A,N/A,N/A,N/A,N/A,N/A,N/A,N/A,N/A,N/A,N/A,N/A,N/A,N/A,N/A,N/A,N/A,true,false,249789,112
333,1093.220612100,false,false,A,RT->RT,00,01,31,01,01,N/A,8.5,0x0000,N/A,N/A,0x0000,N/A,N/A,N/A,N/A,N/A,N/A,N/A,N/A,N/A,N/A,N/A,N/A,N/A,N/A,N/A,N/A,N/A,N/A,N/A,N/A,N/A,N/A,N/A,N/A,N/A,N/A,N/A,N/A,N/A,N/A,N/A,true,false,14,85
334,1093.470486100,false,false,A,RT->RT,00,20,03,20,01,N/A,8.5,0x1800,8.5,0x0000,0x3477,N/A,N/A,N/A,N/A,N/A,N/A,N/A,N/A,N/A,N/A,N/A,N/A,N/A,N/A,N/A,N/A,N/A,N/A,N/A,N/A,N/A,N/A,N/A,N/A,N/A,N/A,N/A,N/A,N/A,N/A,N/A,true,false,249789,112
335,1093.470612100,false,false,A,RT->RT,00,01,31,01,01,N/A,8.5,0x0000,N/A,N/A,0x0000,N/A,N/A,N/A,N/A,N/A,N/A,N/A,N/A,N/A,N/A,N/A,N/A,N/A,N/A,N/A,N/A,N/A,N/A,N/A,N/A,N/A,N/A,N/A,N/A,N/A,N/A,N/A,N/A,N/A,N/A,N/A,true,false,14,85
336,1093.720486100,false,false,A,RT->RT,00,20,03,20,01,N/A,8.5,0x1800,8.5,0x0000,0x3477,N/A,N/A,N/A,N/A,N/A,N/A,N/A,N/A,N/A,N/A,N/A,N/A,N/A,N/A,N/A,N/A,N/A,N/A,N/A,N/A,N/A,N/A,N/A,N/A,N/A,N/A,N/A,N/A,N/A,N/A,N/A,true,false,249789,112
337,1093.720612100,false,false,A,RT->RT,00,01,31,01,01,N/A,8.5,0x0000,N/A,N/A,0x0000,N/A,N/A,N/A,N/A,N/A,N/A,N/A,N/A,N/A,N/A,N/A,N/A,N/A,N/A,N/A,N/A,N/A,N/A,N/A,N/A,N/A,N/A,N/A,N/A,N/A,N/A,N/A,N/A,N/A,N/A,N/A,true,false,14,85
338,1093.970486100,false,false,A,RT->RT,00,20,03,20,01,N/A,8.5,0x1800,8.5,0x0000,0x3477,N/A,N/A,N/A,N/A,N/A,N/A,N/A,N/A,N/A,N/A,N/A,N/A,N/A,N/A,N/A,N/A,N/A,N/A,N/A,N/A,N/A,N/A,N/A,N/A,N/A,N/A,N/A,N/A,N/A,N/A,N/A,true,false,249789,112
339,1093.970612100,false,false,A,RT->RT,00,01,31,01,01,N/A,8.5,0x0000,N/A,N/A,0x0000,N/A,N/A,N/A,N/A,N/A,N/A,N/A,N/A,N/A,N/A,N/A,N/A,N/A,N/A,N/A,N/A,N/A,N/A,N/A,N/A,N/A,N/A,N/A,N/A,N/A,N/A,N/A,N/A,N/A,N/A,N/A,true,false,14,85
340,1094.220486100,false,false,A,RT->RT,00,20,03,20,01,N/A,8.5,0x1800,8.5,0x0000,0x3477,N/A,N/A,N/A,N/A,N/A,N/A,N/A,N/A,N/A,N/A,N/A,N/A,N/A,N/A,N/A,N/A,N/A,N/A,N/A,N/A,N/A,N/A,N/A,N/A,N/A,N/A,N/A,N/A,N/A,N/A,N/A,true,false,249789,112
341,1094.220612100,false,false,A,RT->RT,00,01,31,01,01,N/A,8.5,0x0000,N/A,N/A,0x0000,N/A,N/A,N/A,N/A,N/A,N/A,N/A,N/A,N/A,N/A,N/A,N/A,N/A,N/A,N/A,N/A,N/A,N/A,N/A,N/A,N/A,N/A,N/A,N/A,N/A,N/A,N/A,N/A,N/A,N/A,N/A,true,false,14,85
342,1094.470486100,false,false,A,RT->RT,00,20,03,20,01,N/A,8.5,0x1800,8.5,0x0000,0x3477,N/A,N/A,N/A,N/A,N/A,N/A,N/A,N/A,N/A,N/A,N/A,N/A,N/A,N/A,N/A,N/A,N/A,N/A,N/A,N/A,N/A,N/A,N/A,N/A,N/A,N/A,N/A,N/A,N/A,N/A,N/A,true,false,249789,112
343,1094.470612100,false,false,A,RT->RT,00,01,31,01,01,N/A,8.5,0x0000,N/A,N/A,0x0000,N/A,N/A,N/A,N/A,N/A,N/A,N/A,N/A,N/A,N/A,N/A,N/A,N/A,N/A,N/A,N/A,N/A,N/A,N/A,N/A,N/A,N/A,N/A,N/A,N/A,N/A,N/A,N/A,N/A,N/A,N/A,true,false,14,85
344,1094.720486100,false,false,A,RT->RT,00,20,03,20,01,N/A,8.5,0x1800,8.5,0x0000,0x3477,N/A,N/A,N/A,N/A,N/A,N/A,N/A,N/A,N/A,N/A,N/A,N/A,N/A,N/A,N/A,N/A,N/A,N/A,N/A,N/A,N/A,N/A,N/A,N/A,N/A,N/A,N/A,N/A,N/A,N/A,N/A,true,false,249789,112
345,1094.720612100,false,false,A,RT->RT,00,01,31,01,01,N/A,8.5,0x0000,N/A,N/A,0x0000,N/A,N/A,N/A,N/A,N/A,N/A,N/A,N/A,N/A,N/A,N/A,N/A,N/A,N/A,N/A,N/A,N/A,N/A,N/A,N/A,N/A,N/A,N/A,N/A,N/A,N/A,N/A,N/A,N/A,N/A,N/A,true,false,14,85
346,1094.970486100,false,false,A,RT->RT,00,20,03,20,01,N/A,8.5,0x1800,8.5,0x0000,0x3477,N/A,N/A,N/A,N/A,N/A,N/A,N/A,N/A,N/A,N/A,N/A,N/A,N/A,N/A,N/A,N/A,N/A,N/A,N/A,N/A,N/A,N/A,N/A,N/A,N/A,N/A,N/A,N/A,N/A,N/A,N/A,true,false,249789,112
347,1094.970612100,false,false,A,RT->RT,00,01,31,01,01,N/A,8.5,0x0000,N/A,N/A,0x0000,N/A,N/A,N/A,N/A,N/A,N/A,N/A,N/A,N/A,N/A,N/A,N/A,N/A,N/A,N/A,N/A,N/A,N/A,N/A,N/A,N/A,N/A,N/A,N/A,N/A,N/A,N/A,N/A,N/A,N/A,N/A,true,false,14,85
348,1095.220486100,false,false,A,RT->RT,00,20,03,20,01,N/A,8.5,0x1800,8.5,0x0000,0x3477,N/A,N/A,N/A,N/A,N/A,N/A,N/A,N/A,N/A,N/A,N/A,N/A,N/A,N/A,N/A,N/A,N/A,N/A,N/A,N/A,N/A,N/A,N/A,N/A,N/A,N/A,N/A,N/A,N/A,N/A,N/A,true,false,249789,112
349,1095.220612100,false,false,A,RT->RT,00,01,31,01,01,N/A,8.5,0x0000,N/A,N/A,0x0000,N/A,N/A,N/A,N/A,N/A,N/A,N/A,N/A,N/A,N/A,N/A,N/A,N/A,N/A,N/A,N/A,N/A,N/A,N/A,N/A,N/A,N/A,N/A,N/A,N/A,N/A,N/A,N/A,N/A,N/A,N/A,true,false,14,85
350,1095.470486100,false,false,A,RT->RT,00,20,03,20,01,N/A,8.5,0x1800,8.5,0x0000,0x3477,N/A,N/A,N/A,N/A,N/A,N/A,N/A,N/A,N/A,N/A,N/A,N/A,N/A,N/A,N/A,N/A,N/A,N/A,N/A,N/A,N/A,N/A,N/A,N/A,N/A,N/A,N/A,N/A,N/A,N/A,N/A,true,false,249789,112
351,1095.470612100,false,false,A,RT->RT,00,01,31,01,01,N/A,8.5,0x0000,N/A,N/A,0x0000,N/A,N/A,N/A,N/A,N/A,N/A,N/A,N/A,N/A,N/A,N/A,N/A,N/A,N/A,N/A,N/A,N/A,N/A,N/A,N/A,N/A,N/A,N/A,N/A,N/A,N/A,N/A,N/A,N/A,N/A,N/A,true,false,14,85
352,1095.720486100,false,false,A,RT->RT,00,20,03,20,01,N/A,8.5,0x1800,8.5,0x0000,0x3477,N/A,N/A,N/A,N/A,N/A,N/A,N/A,N/A,N/A,N/A,N/A,N/A,N/A,N/A,N/A,N/A,N/A,N/A,N/A,N/A,N/A,N/A,N/A,N/A,N/A,N/A,N/A,N/A,N/A,N/A,N/A,true,false,249789,112
353,1095.720612100,false,false,A,RT->RT,00,01,31,01,01,N/A,8.5,0x0000,N/A,N/A,0x0000,N/A,N/A,N/A,N/A,N/A,N/A,N/A,N/A,N/A,N/A,N/A,N/A,N/A,N/A,N/A,N/A,N/A,N/A,N/A,N/A,N/A,N/A,N/A,N/A,N/A,N/A,N/A,N/A,N/A,N/A,N/A,true,false,14,85
354,1095.970486100,false,false,A,RT->RT,00,20,03,20,01,N/A,8.5,0x1800,8.5,0x0000,0x3477,N/A,N/A,N/A,N/A,N/A,N/A,N/A,N/A,N/A,N/A,N/A,N/A,N/A,N/A,N/A,N/A,N/A,N/A,N/A,N/A,N/A,N/A,N/A,N/A,N/A,N/A,N/A,N/A,N/A,N/A,N/A,true,false,249789,112
355,1095.970612100,false,false,A,RT->RT,00,01,31,01,01,N/A,8.5,0x0000,N/A,N/A,0x0000,N/A,N/A,N/A,N/A,N/A,N/A,N/A,N/A,N/A,N/A,N/A,N/A,N/A,N/A,N/A,N/A,N/A,N/A,N/A,N/A,N/A,N/A,N/A,N/A,N/A,N/A,N/A,N/A,N/A,N/A,N/A,true,false,14,85
356,1096.220486100,false,false,A,RT->RT,00,20,03,20,01,N/A,8.5,0x1800,8.5,0x0000,0x3477,N/A,N/A,N/A,N/A,N/A,N/A,N/A,N/A,N/A,N/A,N/A,N/A,N/A,N/A,N/A,N/A,N/A,N/A,N/A,N/A,N/A,N/A,N/A,N/A,N/A,N/A,N/A,N/A,N/A,N/A,N/A,true,false,249789,112
357,1096.220612100,false,false,A,RT->RT,00,01,31,01,01,N/A,8.5,0x0000,N/A,N/A,0x0000,N/A,N/A,N/A,N/A,N/A,N/A,N/A,N/A,N/A,N/A,N/A,N/A,N/A,N/A,N/A,N/A,N/A,N/A,N/A,N/A,N/A,N/A,N/A,N/A,N/A,N/A,N/A,N/A,N/A,N/A,N/A,true,false,14,85
358,1096.470486100,false,false,A,RT->RT,00,20,03,20,01,N/A,8.5,0x1800,8.5,0x0000,0x3477,N/A,N/A,N/A,N/A,N/A,N/A,N/A,N/A,N/A,N/A,N/A,N/A,N/A,N/A,N/A,N/A,N/A,N/A,N/A,N/A,N/A,N/A,N/A,N/A,N/A,N/A,N/A,N/A,N/A,N/A,N/A,true,false,249789,112
359,1096.470612100,false,false,A,RT->RT,00,01,31,01,01,N/A,8.5,0x0000,N/A,N/A,0x0000,N/A,N/A,N/A,N/A,N/A,N/A,N/A,N/A,N/A,N/A,N/A,N/A,N/A,N/A,N/A,N/A,N/A,N/A,N/A,N/A,N/A,N/A,N/A,N/A,N/A,N/A,N/A,N/A,N/A,N/A,N/A,true,false,14,85
360,1096.720486100,false,false,A,RT->RT,00,20,03,20,01,N/A,8.5,0x1800,8.5,0x0000,0x3477,N/A,N/A,N/A,N/A,N/A,N/A,N/A,N/A,N/A,N/A,N/A,N/A,N/A,N/A,N/A,N/A,N/A,N/A,N/A,N/A,N/A,N/A,N/A,N/A,N/A,N/A,N/A,N/A,N/A,N/A,N/A,true,false,249789,112
361,1096.720612100,false,false,A,RT->RT,00,01,31,01,01,N/A,8.5,0x0000,N/A,N/A,0x0000,N/A,N/A,N/A,N/A,N/A,N/A,N/A,N/A,N/A,N/A,N/A,N/A,N/A,N/A,N/A,N/A,N/A,N/A,N/A,N/A,N/A,N/A,N/A,N/A,N/A,N/A,N/A,N/A,N/A,N/A,N/A,true,false,14,85
362,1096.970486100,false,false,A,RT->RT,00,20,03,20,01,N/A,8.5,0x1800,8.5,0x0000,0x3477,N/A,N/A,N/A,N/A,N/A,N/A,N/A,N/A,N/A,N/A,N/A,N/A,N/A,N/A,N/A,N/A,N/A,N/A,N/A,N/A,N/A,N/A,N/A,N/A,N/A,N/A,N/A,N/A,N/A,N/A,N/A,true,false,249789,112
363,1096.970612100,false,false,A,RT->RT,00,01,31,01,01,N/A,8.5,0x0000,N/A,N/A,0x0000,N/A,N/A,N/A,N/A,N/A,N/A,N/A,N/A,N/A,N/A,N/A,N/A,N/A,N/A,N/A,N/A,N/A,N/A,N/A,N/A,N/A,N/A,N/A,N/A,N/A,N/A,N/A,N/A,N/A,N/A,N/A,true,false,14,85
364,1097.220486100,false,false,A,RT->RT,00,20,03,20,01,N/A,8.5,0x1800,8.5,0x0000,0x3477,N/A,N/A,N/A,N/A,N/A,N/A,N/A,N/A,N/A,N/A,N/A,N/A,N/A,N/A,N/A,N/A,N/A,N/A,N/A,N/A,N/A,N/A,N/A,N/A,N/A,N/A,N/A,N/A,N/A,N/A,N/A,true,false,249789,112
365,1097.220612100,false,false,A,RT->RT,00,01,31,01,01,N/A,8.5,0x0000,N/A,N/A,0x0000,N/A,N/A,N/A,N/A,N/A,N/A,N/A,N/A,N/A,N/A,N/A,N/A,N/A,N/A,N/A,N/A,N/A,N/A,N/A,N/A,N/A,N/A,N/A,N/A,N/A,N/A,N/A,N/A,N/A,N/A,N/A,true,false,14,85
366,1097.470486100,false,false,A,RT->RT,00,20,03,20,01,N/A,8.5,0x1800,8.5,0x0000,0x3477,N/A,N/A,N/A,N/A,N/A,N/A,N/A,N/A,N/A,N/A,N/A,N/A,N/A,N/A,N/A,N/A,N/A,N/A,N/A,N/A,N/A,N/A,N/A,N/A,N/A,N/A,N/A,N/A,N/A,N/A,N/A,true,false,249789,112
367,1097.470612100,false,false,A,RT->RT,00,01,31,01,01,N/A,8.5,0x0000,N/A,N/A,0x0000,N/A,N/A,N/A,N/A,N/A,N/A,N/A,N/A,N/A,N/A,N/A,N/A,N/A,N/A,N/A,N/A,N/A,N/A,N/A,N/A,N/A,N/A,N/A,N/A,N/A,N/A,N/A,N/A,N/A,N/A,N/A,true,false,14,85
368,1097.720486100,false,false,A,RT->RT,00,20,03,20,01,N/A,8.5,0x1800,8.5,0x0000,0x3477,N/A,N/A,N/A,N/A,N/A,N/A,N/A,N/A,N/A,N/A,N/A,N/A,N/A,N/A,N/A,N/A,N/A,N/A,N/A,N/A,N/A,N/A,N/A,N/A,N/A,N/A,N/A,N/A,N/A,N/A,N/A,true,false,249789,112
369,1097.720612100,false,false,A,RT->RT,00,01,31,01,01,N/A,8.5,0x0000,N/A,N/A,0x0000,N/A,N/A,N/A,N/A,N/A,N/A,N/A,N/A,N/A,N/A,N/A,N/A,N/A,N/A,N/A,N/A,N/A,N/A,N/A,N/A,N/A,N/A,N/A,N/A,N/A,N/A,N/A,N/A,N/A,N/A,N/A,true,false,14,85
370,1097.970486100,false,false,A,RT->RT,00,20,03,20,01,N/A,8.5,0x1800,8.5,0x0000,0x3477,N/A,N/A,N/A,N/A,N/A,N/A,N/A,N/A,N/A,N/A,N/A,N/A,N/A,N/A,N/A,N/A,N/A,N/A,N/A,N/A,N/A,N/A,N/A,N/A,N/A,N/A,N/A,N/A,N/A,N/A,N/A,true,false,249789,112
371,1097.970612100,false,false,A,RT->RT,00,01,31,01,01,N/A,8.5,0x0000,N/A,N/A,0x0000,N/A,N/A,N/A,N/A,N/A,N/A,N/A,N/A,N/A,N/A,N/A,N/A,N/A,N/A,N/A,N/A,N/A,N/A,N/A,N/A,N/A,N/A,N/A,N/A,N/A,N/A,N/A,N/A,N/A,N/A,N/A,true,false,14,85
372,1098.220486100,false,false,A,RT->RT,00,20,03,20,01,N/A,8.5,0x1800,8.5,0x0000,0x3477,N/A,N/A,N/A,N/A,N/A,N/A,N/A,N/A,N/A,N/A,N/A,N/A,N/A,N/A,N/A,N/A,N/A,N/A,N/A,N/A,N/A,N/A,N/A,N/A,N/A,N/A,N/A,N/A,N/A,N/A,N/A,true,false,249789,112
373,1098.220612100,false,false,A,RT->RT,00,01,31,01,01,N/A,8.5,0x0000,N/A,N/A,0x0000,N/A,N/A,N/A,N/A,N/A,N/A,N/A,N/A,N/A,N/A,N/A,N/A,N/A,N/A,N/A,N/A,N/A,N/A,N/A,N/A,N/A,N/A,N/A,N/A,N/A,N/A,N/A,N/A,N/A,N/A,N/A,true,false,14,N/A